exit_sd,long_label,short_label,n_trades,avg_gross,avg_net,avg_hold_cal,win_rate,total_EV
0.0,AUDNZD,AUDUSD,23,0.023167702446722938,0.007325534489605606,135.43478260869566,0.8260869565217391,0.16848729326092893
0.0,AUDNZD,EURCHF,20,-0.0017736363542769085,-0.023228430874824853,186.65,0.45,-0.464568617496497
0.0,AUDNZD,EURGBP,25,0.022211512349571912,0.005386854815325339,144.4,0.72,0.13467137038313348
0.0,AUDNZD,EURJPY,27,-0.0008453725806053342,-0.01773578353950945,145.0,0.6296296296296297,-0.4788661555667551
0.0,AUDNZD,EURUSD,26,0.012315392644272132,-0.007141930854147261,168.42307692307693,0.6153846153846154,-0.18569020220782878
0.0,AUDNZD,GBPJPY,28,-0.010684911729954167,-0.02775927572212638,146.67857142857142,0.6428571428571429,-0.7772597202195386
0.0,AUDNZD,GBPUSD,25,0.004443457043265333,-0.012793255285501792,148.16,0.76,-0.3198313821375448
0.0,AUDNZD,NZDUSD,23,0.015577221963858065,-0.0012750710677083478,144.65217391304347,0.6521739130434783,-0.029326634557292
0.0,AUDNZD,USDCAD,22,0.010011976045681591,-0.009010439894542567,164.45454545454547,0.5,-0.1982296776799365
0.0,AUDNZD,USDCHF,30,0.022748292623340622,0.008042356550281253,125.06666666666666,0.7,0.2412706965084376
0.0,AUDNZD,USDJPY,27,0.007908277064840702,-0.009193194269507345,146.92592592592592,0.6296296296296297,-0.24821624527669833
0.0,AUDUSD,AUDNZD,25,0.02253235246132266,0.007075366159952798,131.92,0.76,0.17688415399881996
0.0,AUDUSD,EURCHF,23,0.007943857327131553,-0.008012664411998886,136.47826086956522,0.6521739130434783,-0.18429128147597437
0.0,AUDUSD,EURGBP,30,0.01850687286866155,0.0034575578001683955,128.2,0.8,0.10372673400505186
0.0,AUDUSD,EURJPY,22,-0.015380428605724384,-0.03528453819476548,172.5,0.5454545454545454,-0.7762598402848405
0.0,AUDUSD,EURUSD,27,0.012253790370156972,-0.002749253769873474,127.77777777777777,0.6666666666666666,-0.0742298517865838
0.0,AUDUSD,GBPJPY,21,-0.03184872961355629,-0.05404116275119491,193.38095238095238,0.5714285714285714,-1.134864417775093
0.0,AUDUSD,GBPUSD,24,0.006143638740008262,-0.013714808748576215,172.08333333333334,0.4583333333333333,-0.32915540996582915
0.0,AUDUSD,NZDUSD,26,0.01981285985724461,0.0059572223440728525,117.3076923076923,0.6923076923076923,0.15488778094589417
0.0,AUDUSD,USDCAD,21,-0.0009567552743400318,-0.019976324745964304,164.42857142857142,0.5714285714285714,-0.4195028196652504
0.0,AUDUSD,USDCHF,22,-0.00028485449302667105,-0.017902538179203512,151.63636363636363,0.6363636363636364,-0.39385583994247725
0.0,AUDUSD,USDJPY,21,-0.024780003908737497,-0.04519813828577599,177.1904761904762,0.6190476190476191,-0.9491609040012958
0.0,EURCHF,AUDNZD,25,0.014051840747309158,-0.003408433225293583,150.2,0.64,-0.08521083063233957
0.0,EURCHF,AUDUSD,23,0.024177289075188863,0.009802661320573015,122.04347826086956,0.782608695652174,0.22546121037317934
0.0,EURCHF,EURGBP,24,-0.0008012040307811032,-0.02197472001251627,184.08333333333334,0.5,-0.5273932803003905
0.0,EURCHF,EURJPY,27,-0.0019032220433169295,-0.022061009968228146,174.8148148148148,0.5555555555555556,-0.5956472691421599
0.0,EURCHF,EURUSD,23,0.015394429632423408,-0.0018104542270167346,147.8695652173913,0.7391304347826086,-0.041640447221384894
0.0,EURCHF,GBPJPY,29,-0.022446791431795003,-0.04079209138455835,158.27586206896552,0.5862068965517241,-1.1829706501521922
0.0,EURCHF,GBPUSD,25,0.013935360754791268,-0.004844365272605991,162.24,0.6,-0.12110913181514979
0.0,EURCHF,NZDUSD,29,0.037695787445379964,0.022456769967817373,129.93103448275863,0.7586206896551724,0.6512463290667038
0.0,EURCHF,USDCAD,22,-0.021106463656696547,-0.0455933876915658,214.3181818181818,0.3181818181818182,-1.0030545292144475
0.0,EURCHF,USDCHF,24,-0.005509889437336615,-0.0275601177478389,192.08333333333334,0.4583333333333333,-0.6614428259481336
0.0,EURCHF,USDJPY,22,0.0019332440628324647,-0.016526282711762805,159.3181818181818,0.6363636363636364,-0.3635782196587817
0.0,EURGBP,AUDNZD,28,0.026721649937368096,0.010696209624256547,137.10714285714286,0.7142857142857143,0.29949386947918333
0.0,EURGBP,AUDUSD,28,0.02687124191432516,0.01279883486931538,119.28571428571429,0.75,0.35836737634083066
0.0,EURGBP,EURCHF,24,-0.0033052032608476972,-0.023967303717468705,179.41666666666666,0.5416666666666666,-0.5752152892192489
0.0,EURGBP,EURJPY,24,-0.024777859152391026,-0.046102060065633034,185.45833333333334,0.5,-1.1064494415751929
0.0,EURGBP,EURUSD,30,0.016934497925744824,-0.0002883331244834868,148.03333333333333,0.7333333333333333,-0.008649993734504605
0.0,EURGBP,GBPJPY,29,-0.01133629101678667,-0.02812844973194964,144.10344827586206,0.6551724137931034,-0.8157250422265395
0.0,EURGBP,GBPUSD,26,0.009545734716862004,-0.007677658328448855,148.03846153846155,0.6153846153846154,-0.19961911653967024
0.0,EURGBP,NZDUSD,28,0.01718658098732948,0.00212395867813183,128.32142857142858,0.7857142857142857,0.059470842987691244
0.0,EURGBP,USDCAD,29,0.01395989364458584,-0.0038412400351496394,153.31034482758622,0.5862068965517241,-0.11139596101933955
0.0,EURGBP,USDCHF,24,0.014929905062219197,-0.0016271725633515814,141.95833333333334,0.625,-0.039052141520437955
0.0,EURGBP,USDJPY,31,-0.0031638650928473592,-0.022472305216576928,167.06451612903226,0.6451612903225806,-0.6966414617138847
0.0,EURJPY,AUDNZD,30,0.0009493635571140995,-0.01701502000452974,154.8,0.6,-0.5104506001358922
0.0,EURJPY,AUDUSD,22,-0.009870480503465834,-0.028982560204586626,165.27272727272728,0.5909090909090909,-0.6376163245009058
0.0,EURJPY,EURCHF,30,-0.0007502269343823693,-0.01853196209419972,153.13333333333333,0.6,-0.5559588628259916
0.0,EURJPY,EURGBP,25,-0.020285438495418317,-0.041734753563911466,186.6,0.52,-1.0433688390977867
0.0,EURJPY,EURUSD,22,-0.007960339297882861,-0.02817827205006219,175.36363636363637,0.45454545454545453,-0.6199219851013682
0.0,EURJPY,GBPJPY,29,0.0051937176399374715,-0.012051912969415386,148.24137931034483,0.5862068965517241,-0.3495054761130462
0.0,EURJPY,GBPUSD,30,0.022914550542404703,0.01038943638715356,105.16666666666667,0.7666666666666667,0.3116830916146068
0.0,EURJPY,NZDUSD,25,0.00388450745580525,-0.01468919117433174,160.36,0.64,-0.36722977935829354
0.0,EURJPY,USDCAD,26,-0.012343993438398298,-0.033584246336185446,184.69230769230768,0.5384615384615384,-0.8731904047408215
0.0,EURJPY,USDCHF,31,-0.0010992626019884998,-0.01935069874869641,157.41935483870967,0.5806451612903226,-0.5998716612095887
0.0,EURJPY,USDJPY,24,-0.00724961530016998,-0.030231350459987327,200.58333333333334,0.4166666666666667,-0.7255524110396958
0.0,EURUSD,AUDNZD,28,0.022030690568048895,0.004341845166874724,152.28571428571428,0.6428571428571429,0.12157166467249227
0.0,EURUSD,AUDUSD,27,0.013837834735665541,-0.0003980861166936706,120.77777777777777,0.6666666666666666,-0.010748325150729106
0.0,EURUSD,EURCHF,23,0.012561343584277056,-0.004505362788563924,146.6086956521739,0.7391304347826086,-0.10362334413697025
0.0,EURUSD,EURGBP,29,0.010294353837749464,-0.008330587116430982,160.82758620689654,0.6551724137931034,-0.24158702637649845
0.0,EURUSD,EURJPY,22,-0.002852191998571357,-0.022850946668558914,173.36363636363637,0.45454545454545453,-0.5027208267082961
0.0,EURUSD,GBPJPY,24,-0.01222118291538224,-0.032714333600313755,177.875,0.5833333333333334,-0.7851440064075301
0.0,EURUSD,GBPUSD,28,0.004092229768282446,-0.013741429722911295,153.60714285714286,0.5714285714285714,-0.3847600322415162
0.0,EURUSD,NZDUSD,28,0.010868389111169292,-0.006945700908400179,153.42857142857142,0.6428571428571429,-0.194479625435205
0.0,EURUSD,USDCAD,22,0.0018854100037025536,-0.019602759361179133,186.95454545454547,0.5454545454545454,-0.4312607059459409
0.0,EURUSD,USDCHF,25,0.0245739235635662,0.005290087947127837,166.84,0.68,0.13225219867819593
0.0,EURUSD,USDJPY,22,-0.0022019972144565964,-0.02054197230785635,158.22727272727272,0.6818181818181818,-0.4519233907728397
0.0,GBPJPY,AUDNZD,29,-0.009680873375533253,-0.026435242766180405,143.75862068965517,0.6551724137931034,-0.7666220402192317
0.0,GBPJPY,AUDUSD,22,-0.027250961715010957,-0.048943365201934985,188.8181818181818,0.5454545454545454,-1.0767540344425697
0.0,GBPJPY,EURCHF,26,-0.025889963022849315,-0.04509860369724342,166.15384615384616,0.5769230769230769,-1.1725636961283288
0.0,GBPJPY,EURGBP,31,0.002646193926448788,-0.01468964345755475,149.06451612903226,0.6451612903225806,-0.45537894718419725
0.0,GBPJPY,EURJPY,29,0.0059321133020893545,-0.011355085564230911,148.6206896551724,0.5862068965517241,-0.32929748136269643
0.0,GBPJPY,EURUSD,25,-0.02750373701183159,-0.04842264112142065,181.76,0.52,-1.2105660280355162
0.0,GBPJPY,GBPUSD,23,-0.0018221823312794215,-0.02090913885301856,165.04347826086956,0.5217391304347826,-0.4809101936194269
0.0,GBPJPY,NZDUSD,24,-0.015645695320897,-0.03748131175925317,190.125,0.5416666666666666,-0.899551482222076
0.0,GBPJPY,USDCAD,27,-0.004319398747498177,-0.024322950244200364,173.40740740740742,0.5555555555555556,-0.6567196565934098
0.0,GBPJPY,USDCHF,32,0.0021941764781244315,-0.013744179686259135,136.3125,0.6875,-0.4398137499602923
0.0,GBPJPY,USDJPY,27,0.00805109310077611,-0.01198492922291745,173.7037037037037,0.6296296296296297,-0.32359308901877115
0.0,GBPUSD,AUDNZD,23,0.0001482732982323868,-0.018976801150844453,165.3913043478261,0.6521739130434783,-0.4364664264694224
0.0,GBPUSD,AUDUSD,22,-0.0014560093727569552,-0.020503331913230182,164.6818181818182,0.5,-0.451073302091064
0.0,GBPUSD,EURCHF,29,0.016640933794926552,0.0009446654907224887,134.10344827586206,0.6551724137931034,0.027395299230952172
0.0,GBPUSD,EURGBP,25,0.009314017425373444,-0.008194475725311486,150.64,0.64,-0.20486189313278716
0.0,GBPUSD,EURJPY,29,0.01817744652091103,0.0045747067948836255,115.0,0.7586206896551724,0.13266649705162514
0.0,GBPUSD,EURUSD,28,0.0033883054615118785,-0.014343592777235677,152.67857142857142,0.5714285714285714,-0.40162059776259895
0.0,GBPUSD,GBPJPY,21,-0.00369426519072053,-0.023846254753669,174.76190476190476,0.47619047619047616,-0.500771349827049
0.0,GBPUSD,NZDUSD,25,0.014495229929071294,-0.002921208427093093,149.8,0.64,-0.07303021067732732
0.0,GBPUSD,USDCAD,24,0.004102157241047437,-0.017217477462148918,185.41666666666666,0.625,-0.41321945909157404
0.0,GBPUSD,USDCHF,28,0.023353541518439973,0.004063913338400826,166.89285714285714,0.5714285714285714,0.11378957347522313
0.0,GBPUSD,USDJPY,25,0.00646569293896653,-0.011906361855554017,158.52,0.64,-0.29765904638885043
0.0,NZDUSD,AUDNZD,24,0.02253849518254096,0.005419773721353753,147.08333333333334,0.75,0.13007456931249006
0.0,NZDUSD,AUDUSD,23,0.01560245016127864,0.000779936760444812,126.1304347826087,0.6521739130434783,0.017938545490230676
0.0,NZDUSD,EURCHF,30,0.0330913698741686,0.01832698631252476,125.6,0.7666666666666667,0.5498095893757428
0.0,NZDUSD,EURGBP,27,0.012819776637059287,-0.004001633814488154,144.37037037037038,0.7777777777777778,-0.10804411299118016
0.0,NZDUSD,EURJPY,23,-0.001841777577216377,-0.02206274243725212,175.3913043478261,0.5652173913043478,-0.5074430760567987
0.0,NZDUSD,EURUSD,30,0.010575474074228096,-0.006906717706593824,150.4,0.6666666666666666,-0.20720153119781473
0.0,NZDUSD,GBPJPY,24,-0.009394561834134731,-0.03185118283870095,195.79166666666666,0.5416666666666666,-0.7644283881288227
0.0,NZDUSD,GBPUSD,26,0.011033878533296624,-0.005135773732246057,138.42307692307693,0.6923076923076923,-0.13353011703839748
0.0,NZDUSD,USDCAD,27,0.013136705207168939,-0.0032504079333688604,140.40740740740742,0.7777777777777778,-0.08776101420095923
0.0,NZDUSD,USDCHF,27,0.024895659904076665,0.007713011502250188,147.66666666666666,0.7407407407407407,0.20825131056075508
0.0,NZDUSD,USDJPY,22,-0.001360490812139954,-0.021922134647756386,178.5,0.5909090909090909,-0.4822869622506405
0.0,USDCAD,AUDNZD,20,0.010130519848308851,-0.01029961713799252,177.3,0.5,-0.2059923427598504
0.0,USDCAD,AUDUSD,20,-0.020330523208519084,-0.0382236738934506,154.15,0.6,-0.764473477869012
0.0,USDCAD,EURCHF,21,-0.018609687108721972,-0.04194497738921773,203.8095238095238,0.38095238095238093,-0.8808445251735723
0.0,USDCAD,EURGBP,28,0.00784694329705323,-0.010327225000402743,156.71428571428572,0.6071428571428571,-0.2891623000112768
0.0,USDCAD,EURJPY,27,0.0013490354201861328,-0.01906446026728216,177.14814814814815,0.5925925925925926,-0.5147404272166183
0.0,USDCAD,EURUSD,22,-0.0020500999219760295,-0.022835903159834067,180.54545454545453,0.6363636363636364,-0.5023898695163495
0.0,USDCAD,GBPJPY,29,-0.0008076107197748727,-0.019356973024923677,160.13793103448276,0.6896551724137931,-0.5613522177227867
0.0,USDCAD,GBPUSD,25,0.008738866563679497,-0.010851818367827358,169.64,0.72,-0.27129545919568393
0.0,USDCAD,NZDUSD,25,0.005720026924568236,-0.010850384034335874,142.08,0.68,-0.27125960085839684
0.0,USDCAD,USDCHF,21,-0.0009146064645626739,-0.023164443385632474,193.9047619047619,0.5238095238095238,-0.48645331109828194
0.0,USDCAD,USDJPY,23,0.014824656298031787,-0.0032283514446722066,155.6086956521739,0.6956521739130435,-0.07425208322746076
0.0,USDCHF,AUDNZD,28,0.023099905389365006,0.007962919087995138,129.0,0.7142857142857143,0.22296173446386386
0.0,USDCHF,AUDUSD,23,-0.0024253430480585623,-0.020745176282126458,158.04347826086956,0.6521739130434783,-0.47713905448890853
0.0,USDCHF,EURCHF,27,-0.0026109408493122073,-0.023219261498728747,178.92592592592592,0.5185185185185185,-0.6269200604656762
0.0,USDCHF,EURGBP,25,0.015207444348167336,-0.003436391268271021,161.0,0.64,-0.08590978170677552
0.0,USDCHF,EURJPY,31,0.009057953989874452,-0.007910229836904157,145.70967741935485,0.6451612903225806,-0.24521712494402886
0.0,USDCHF,EURUSD,25,0.028335038462829903,0.01061613435324084,152.56,0.68,0.265403358831021
0.0,USDCHF,GBPJPY,31,0.004958619823741692,-0.010333912213377176,130.41935483870967,0.6774193548387096,-0.3203512786146925
0.0,USDCHF,GBPUSD,28,0.02912838139167352,0.011122510550186234,155.17857142857142,0.6785714285714286,0.31143029540521455
0.0,USDCHF,NZDUSD,26,0.023645162551443222,0.005363813763245123,157.69230769230768,0.6538461538461539,0.13945915784437318
0.0,USDCHF,USDCAD,24,0.004689860317485574,-0.015456258403975617,174.70833333333334,0.625,-0.3709502016954148
0.0,USDCHF,USDJPY,26,-0.0003573170835620207,-0.019861005176291212,168.84615384615384,0.6153846153846154,-0.5163861345835715
0.0,USDJPY,AUDNZD,27,0.0008538614907852294,-0.017875210046505493,161.77777777777777,0.5555555555555556,-0.4826306712556483
0.0,USDJPY,AUDUSD,21,-0.031021863581058046,-0.049822254970490545,162.42857142857142,0.5714285714285714,-1.0462673543803014
0.0,USDJPY,EURCHF,21,-0.012843525751345064,-0.031476924316250474,160.9047619047619,0.5238095238095238,-0.6610154106412599
0.0,USDJPY,EURGBP,27,-0.02753314474365898,-0.050795955499620425,203.14814814814815,0.4444444444444444,-1.3714907984897515
0.0,USDJPY,EURJPY,28,-0.0003466923135983089,-0.021213619906553297,181.28571428571428,0.5,-0.5939813573834923
0.0,USDJPY,EURUSD,24,-0.003105420810837173,-0.02170359432681891,160.58333333333334,0.7083333333333334,-0.5208862638436538
0.0,USDJPY,GBPJPY,29,0.013979542618750363,-0.003145162152151856,147.13793103448276,0.7586206896551724,-0.09120970241240382
0.0,USDJPY,GBPUSD,27,0.004703714869885227,-0.013546411969282714,157.40740740740742,0.6666666666666666,-0.3657531231706333
0.0,USDJPY,NZDUSD,25,0.00480426893136189,-0.014825868054939484,170.0,0.68,-0.3706467013734871
0.0,USDJPY,USDCAD,21,0.0005364177942986434,-0.019125030346601554,170.28571428571428,0.5714285714285714,-0.40162563727863265
0.0,USDJPY,USDCHF,28,-0.004671960598812966,-0.023668046704488115,164.21428571428572,0.6785714285714286,-0.6627053077256673
0.5,AUDNZD,AUDUSD,25,0.010493373484413464,-0.0021449826799700977,106.2,0.68,-0.05362456699925244
0.5,AUDNZD,EURCHF,25,0.008746585449265452,-0.004742181674022222,113.96,0.72,-0.11855454185055556
0.5,AUDNZD,EURGBP,28,0.012601525622301263,-0.00010884619765959999,106.85714285714286,0.6785714285714286,-0.0030476935344687997
0.5,AUDNZD,EURJPY,29,-0.002803884452245012,-0.015820889648277135,109.65517241379311,0.6896551724137931,-0.4588057998000369
0.5,AUDNZD,EURUSD,29,0.014019395696796605,0.0002843933349638222,116.20689655172414,0.6896551724137931,0.008247406713950845
0.5,AUDNZD,GBPJPY,32,-0.008539209489339618,-0.021439894420846473,108.59375,0.6875,-0.6860766214670871
0.5,AUDNZD,GBPUSD,31,0.005271371795974274,-0.006623899967171996,99.41935483870968,0.7419354838709677,-0.20534089898233188
0.5,AUDNZD,NZDUSD,26,0.013927688845811057,0.0015472884243147517,103.84615384615384,0.6538461538461539,0.04022949903218354
0.5,AUDNZD,USDCAD,23,0.004174592998484331,-0.009366205095619301,114.43478260869566,0.5217391304347826,-0.21542271719924394
0.5,AUDNZD,USDCHF,32,0.014823736845121019,0.0025120930095045794,103.21875,0.71875,0.08038697630414654
0.5,AUDNZD,USDJPY,29,0.006846075582587271,-0.006484581006926194,112.51724137931035,0.6551724137931034,-0.18805284920085963
0.5,AUDUSD,AUDNZD,26,0.009378282154396426,-0.0037060171079850274,110.26923076923077,0.5769230769230769,-0.09635644480761071
0.5,AUDUSD,EURCHF,26,0.006939227669637431,-0.0054580326043351755,104.0,0.6923076923076923,-0.14190884771271456
0.5,AUDUSD,EURGBP,33,0.01945713253544056,0.008428074835149981,91.51515151515152,0.7272727272727273,0.27812646955994935
0.5,AUDUSD,EURJPY,25,-0.00335140187945641,-0.0174582511945249,119.6,0.56,-0.4364562798631225
0.5,AUDUSD,EURUSD,30,0.00834345727452805,-0.0034108806250153292,98.13333333333334,0.6,-0.10232641875045988
0.5,AUDUSD,GBPJPY,24,-0.020223601172587036,-0.036611729026468316,140.41666666666666,0.5833333333333334,-0.8786814966352396
0.5,AUDUSD,GBPUSD,27,0.005651030918186835,-0.009331718954974,127.5925925925926,0.5925925925925926,-0.251956411784298
0.5,AUDUSD,NZDUSD,29,0.01569826318910627,0.0064299589850439175,75.44827586206897,0.7241379310344828,0.1864688105662736
0.5,AUDUSD,USDCAD,23,0.0025068496315358447,-0.012082191464354568,124.0,0.5652173913043478,-0.27789040368015505
0.5,AUDUSD,USDCHF,24,-0.010325017089957143,-0.02464008558310783,121.5,0.6666666666666666,-0.5913620539945879
0.5,AUDUSD,USDJPY,22,-0.03408932738819414,-0.051059439467895255,145.72727272727272,0.5454545454545454,-1.1233076682936955
0.5,EURCHF,AUDNZD,26,0.008281913340065368,-0.006349277387015771,124.38461538461539,0.6923076923076923,-0.16508121206241005
0.5,EURCHF,AUDUSD,25,0.019376019241429305,0.008179854857867661,93.04,0.8,0.20449637144669153
0.5,EURCHF,EURGBP,29,0.0026495222714903177,-0.012166254771495041,126.06896551724138,0.6206896551724138,-0.3528213883733562
0.5,EURCHF,EURJPY,33,0.00389208938782752,-0.009770426178797639,115.54545454545455,0.696969696969697,-0.3224240639003221
0.5,EURCHF,EURUSD,26,0.00899580047071197,-0.003940975082501942,108.92307692307692,0.7307692307692307,-0.1024653521450505
0.5,EURCHF,GBPJPY,31,-0.020541438728174644,-0.03585164641708318,130.58064516129033,0.6129032258064516,-1.1114010389295785
0.5,EURCHF,GBPUSD,32,0.01705518549822372,0.004315459470826458,107.125,0.65625,0.13809470306644667
0.5,EURCHF,NZDUSD,30,0.02588772411906474,0.013848454712672044,100.73333333333333,0.8,0.41545364138016133
0.5,EURCHF,USDCAD,25,-0.016051594170141414,-0.03430529280027841,157.44,0.36,-0.8576323200069602
0.5,EURCHF,USDCHF,26,-0.009933421275783155,-0.02807146131793279,156.3846153846154,0.46153846153846156,-0.7298579942662525
0.5,EURCHF,USDJPY,24,-0.002643162479966351,-0.01698562823339101,121.75,0.6666666666666666,-0.40765507760138425
0.5,EURGBP,AUDNZD,31,0.018092548217188354,0.0066639136612891125,95.16129032258064,0.7096774193548387,0.2065813234999625
0.5,EURGBP,AUDUSD,33,0.023599419943750918,0.013981736257574075,78.63636363636364,0.7575757575757576,0.4613972964999445
0.5,EURGBP,EURCHF,33,0.007749991068452572,-0.005221781451265155,109.24242424242425,0.6363636363636364,-0.1723187878917501
0.5,EURGBP,EURJPY,27,-0.015684000610410056,-0.0313932852375029,134.22222222222223,0.5555555555555556,-0.8476187014125782
0.5,EURGBP,EURUSD,33,0.01306872037675817,0.00019989513806991727,108.3030303030303,0.6363636363636364,0.00659653955630727
0.5,EURGBP,GBPJPY,31,-0.011741299892353816,-0.02526273162014878,114.25806451612904,0.7419354838709677,-0.7831446802246121
0.5,EURGBP,GBPUSD,31,0.007855562336313505,-0.004608865414459807,104.61290322580645,0.6451612903225806,-0.142874827848254
0.5,EURGBP,NZDUSD,30,0.005428826998306931,-0.006771173001693068,102.2,0.7,-0.20313519005079203
0.5,EURGBP,USDCAD,31,0.006658209129956955,-0.007156638417546359,116.93548387096774,0.6129032258064516,-0.22185579094393715
0.5,EURGBP,USDCHF,28,0.011186634721082027,-0.001461114789681183,106.28571428571429,0.6785714285714286,-0.040911214111073124
0.5,EURGBP,USDJPY,34,-0.0010904214291572129,-0.015859962122146742,125.6470588235294,0.6470588235294118,-0.5392387121529892
0.5,EURJPY,AUDNZD,31,-0.002324470714415931,-0.015350984192100424,109.74193548387096,0.7096774193548387,-0.47588050995511316
0.5,EURJPY,AUDUSD,24,-0.009670769318715364,-0.02489907982099847,129.83333333333334,0.5416666666666666,-0.5975779157039633
0.5,EURJPY,EURCHF,33,-0.0019457004396979268,-0.01641518985439282,122.9090909090909,0.6666666666666666,-0.5417012651949631
0.5,EURJPY,EURGBP,28,-0.005436610924181813,-0.021407256716745416,136.60714285714286,0.5714285714285714,-0.5994031880688716
0.5,EURJPY,EURUSD,22,-0.01707367742978342,-0.03581215812716823,161.86363636363637,0.4090909090909091,-0.7878674787977011
0.5,EURJPY,GBPJPY,35,0.00474727950118215,-0.007972485665158357,106.94285714285714,0.6,-0.2790369982805425
0.5,EURJPY,GBPUSD,32,0.014341990525007967,0.004150209703090159,83.875,0.78125,0.1328067104988851
0.5,EURJPY,NZDUSD,27,-0.0049248983031186695,-0.020415004848019738,132.22222222222223,0.5925925925925926,-0.5512051308965329
0.5,EURJPY,USDCAD,28,-0.006692475420540615,-0.022991888336391885,139.60714285714286,0.5,-0.6437728734189728
0.5,EURJPY,USDCHF,34,0.004678700290862861,-0.009852323077388552,123.47058823529412,0.7058823529411765,-0.3349789846312108
0.5,EURJPY,USDJPY,25,-0.010337950955199862,-0.02910452629766562,162.12,0.4,-0.7276131574416405
0.5,EURUSD,AUDNZD,31,0.021151284226220465,0.008131841009251833,109.6774193548387,0.6451612903225806,0.2520870712868068
0.5,EURUSD,AUDUSD,29,0.00733480120044103,-0.004590092517083771,99.6896551724138,0.5862068965517241,-0.13311268299542936
0.5,EURUSD,EURCHF,29,0.011572577027559526,-0.0001822647296440645,98.13793103448276,0.7586206896551724,-0.005285677159677871
0.5,EURUSD,EURGBP,33,0.010230404524371014,-0.0026815921547489545,108.6969696969697,0.6363636363636364,-0.0884925411067155
0.5,EURUSD,EURJPY,23,-0.007804804402164062,-0.025243160566547625,150.0,0.5217391304347826,-0.5805926930305954
0.5,EURUSD,GBPJPY,26,-0.00891066578810357,-0.02454501773752402,133.53846153846155,0.6153846153846154,-0.6381704611756245
0.5,EURUSD,GBPUSD,35,0.004484094499819081,-0.008000837007030238,104.8,0.6571428571428571,-0.2800292952460583
0.5,EURUSD,NZDUSD,30,0.009898133816983373,-0.0029301766852997337,107.93333333333334,0.6666666666666666,-0.08790530055899201
0.5,EURUSD,USDCAD,23,-0.007843085413780718,-0.025305265282750334,150.2173913043478,0.6086956521739131,-0.5820211015032577
0.5,EURUSD,USDCHF,28,0.014779801539114628,0.0011927173903866464,114.85714285714286,0.75,0.0333960869308261
0.5,EURUSD,USDJPY,22,-0.009950868885430774,-0.02551126739103476,132.86363636363637,0.6818181818181818,-0.5612478826027647
0.5,GBPJPY,AUDNZD,33,-0.003010594840609172,-0.015666883757172068,106.36363636363636,0.6666666666666666,-0.5170071639866782
0.5,GBPJPY,AUDUSD,24,-0.024721994026906027,-0.041612404985810134,145.0,0.5833333333333334,-0.9986977196594432
0.5,GBPJPY,EURCHF,28,-0.021342305694312357,-0.037853068903705704,141.53571428571428,0.5357142857142857,-1.0598859293037597
0.5,GBPJPY,EURGBP,34,0.009408702956741438,-0.002585656430849221,100.32352941176471,0.6764705882352942,-0.08791231864887351
0.5,GBPJPY,EURJPY,31,8.591400768597697e-05,-0.013919830579145665,118.6774193548387,0.6129032258064516,-0.43151474795351563
0.5,GBPJPY,EURUSD,26,-0.019059952715614833,-0.0341505744226749,128.57692307692307,0.6923076923076923,-0.8879149349895473
0.5,GBPJPY,GBPUSD,23,-0.012174635906583995,-0.02974640481664952,151.2173913043478,0.4782608695652174,-0.6841673107829389
0.5,GBPJPY,NZDUSD,28,-0.0018178993546264157,-0.017600678219597064,134.89285714285714,0.5357142857142857,-0.4928189901487178
0.5,GBPJPY,USDCAD,31,0.0075601501197962336,-0.006735475156385828,121.3225806451613,0.6451612903225806,-0.20879972984796066
0.5,GBPJPY,USDCHF,35,0.0023641109546464795,-0.010446456560030633,107.77142857142857,0.7142857142857143,-0.3656259796010721
0.5,GBPJPY,USDJPY,28,0.007118273278784781,-0.008069593648808175,129.46428571428572,0.6071428571428571,-0.22594862216662892
0.5,GBPUSD,AUDNZD,27,0.0038266223540826478,-0.009686822597718471,114.18518518518519,0.6666666666666666,-0.26154421013839874
0.5,GBPUSD,AUDUSD,25,-0.001531587810778417,-0.016821998769682527,130.4,0.48,-0.42054996924206317
0.5,GBPUSD,EURCHF,34,0.015844019068430245,0.00387222213047698,100.11764705882354,0.6764705882352942,0.13165555243621732
0.5,GBPUSD,EURGBP,29,0.002212061160792635,-0.010359030005952763,105.58620689655173,0.7241379310344828,-0.3004118701726301
0.5,GBPUSD,EURJPY,33,0.013799182236994313,0.00348079286381042,85.03030303030303,0.8181818181818182,0.11486616450574386
0.5,GBPUSD,EURUSD,32,0.0008521955876710802,-0.012545064686301524,113.125,0.59375,-0.4014420699616488
0.5,GBPUSD,GBPJPY,22,-0.01126571924347965,-0.02927692721359174,155.22727272727272,0.4090909090909091,-0.6440923986990182
0.5,GBPUSD,NZDUSD,27,0.007512798974933703,-0.00614270584495468,115.48148148148148,0.6666666666666666,-0.16585305781377635
0.5,GBPUSD,USDCAD,28,0.0021368317445019606,-0.013148882541212326,130.35714285714286,0.6428571428571429,-0.3681687111539451
0.5,GBPUSD,USDCHF,31,0.021143930593274435,0.007279591220760069,117.38709677419355,0.7096774193548387,0.22566732784356214
0.5,GBPUSD,USDJPY,26,-0.0014421129006659604,-0.016031153996556375,124.0,0.6153846153846154,-0.41681000391046574
0.5,NZDUSD,AUDNZD,28,0.018370834491098227,0.005813104549806644,105.46428571428571,0.6785714285714286,0.16276692739458604
0.5,NZDUSD,AUDUSD,28,0.013466830028289332,0.00398933492065724,77.35714285714286,0.75,0.11170137777840272
0.5,NZDUSD,EURCHF,32,0.019600839658047042,0.007737825959416908,99.125,0.6875,0.24761043070134106
0.5,NZDUSD,EURGBP,31,0.01151350971943058,-0.0008766802938261625,103.93548387096774,0.7096774193548387,-0.02717708910861104
0.5,NZDUSD,EURJPY,29,-0.0010912501426996101,-0.015419544899430837,121.62068965517241,0.6551724137931034,-0.4471668020834943
0.5,NZDUSD,EURUSD,31,0.007008007804807271,-0.006290710710437979,112.2258064516129,0.6774193548387096,-0.19501203202357734
0.5,NZDUSD,GBPJPY,26,-0.008343987660904311,-0.02581606353024046,150.30769230769232,0.5384615384615384,-0.6712176517862519
0.5,NZDUSD,GBPUSD,28,0.007696758826467895,-0.005314982856506663,109.60714285714286,0.6785714285714286,-0.14881951998218657
0.5,NZDUSD,USDCAD,28,0.010018292840784884,-0.003200885241406896,111.5,0.6785714285714286,-0.08962478675939309
0.5,NZDUSD,USDCHF,27,0.011251387140998324,-0.0029277097641259844,120.25925925925925,0.7037037037037037,-0.07904816363140157
0.5,NZDUSD,USDJPY,22,-0.009171841719144065,-0.027033610087761763,153.86363636363637,0.5454545454545454,-0.5947394219307588
0.5,USDCAD,AUDNZD,21,0.007147127807844661,-0.006633041794242751,116.61904761904762,0.5714285714285714,-0.13929387767909776
0.5,USDCAD,AUDUSD,22,-0.020820159119154823,-0.03493597481031299,119.68181818181819,0.5454545454545454,-0.7685914458268859
0.5,USDCAD,EURCHF,25,-0.014483228355511437,-0.030628433834963494,138.2,0.4,-0.7657108458740873
0.5,USDCAD,EURGBP,30,0.0038747667435714474,-0.009552630516702526,113.4,0.6,-0.2865789155010758
0.5,USDCAD,EURJPY,30,-0.0008874178261527951,-0.01710933563437198,138.9,0.6333333333333333,-0.5132800690311593
0.5,USDCAD,EURUSD,25,-0.006677575581279338,-0.022244150923745095,132.92,0.64,-0.5561037730936274
0.5,USDCAD,GBPJPY,32,0.010170070314037017,-0.003477189959935587,115.40625,0.65625,-0.11127007871793879
0.5,USDCAD,GBPUSD,29,0.008654603111811938,-0.005121967506988253,116.58620689655173,0.7241379310344828,-0.14853705770265935
0.5,USDCAD,NZDUSD,26,-0.0060447604970534,-0.02011536112929787,119.26923076923077,0.6538461538461539,-0.5229993893617446
0.5,USDCAD,USDCHF,24,0.005601074929961123,-0.009353262969582256,127.33333333333333,0.5833333333333334,-0.22447831126997414
0.5,USDCAD,USDJPY,25,0.009636055850459931,-0.003497642779677058,110.72,0.6,-0.08744106949192645
0.5,USDCHF,AUDNZD,29,0.011478274193582773,-0.0016634357733515677,110.79310344827586,0.6896551724137931,-0.04823963742719546
0.5,USDCHF,AUDUSD,25,-0.002515318138021504,-0.01727531813802151,125.56,0.72,-0.43188295345053773
0.5,USDCHF,EURCHF,28,-0.008333209151946084,-0.026092504650967612,152.92857142857142,0.42857142857142855,-0.7305901302270932
0.5,USDCHF,EURGBP,29,0.023722934025260194,0.011095158871741059,106.10344827586206,0.7241379310344828,0.3217596072804907
0.5,USDCHF,EURJPY,35,0.006939077476504944,-0.006485188668309148,113.37142857142857,0.7142857142857143,-0.22698160339082019
0.5,USDCHF,EURUSD,27,0.018172079916433975,0.004301455867727731,117.44444444444444,0.7407407407407407,0.11613930842864874
0.5,USDCHF,GBPJPY,32,-0.001390996019519316,-0.014466338485272744,110.1875,0.71875,-0.4629228315287278
0.5,USDCHF,GBPUSD,31,0.024071645830200366,0.010684549056006812,113.03225806451613,0.7741935483870968,0.3312210207362112
0.5,USDCHF,NZDUSD,28,0.01902166048132783,0.004401308230838589,124.28571428571429,0.75,0.12323663046348049
0.5,USDCHF,USDCAD,25,0.0019189366993991222,-0.014489282478683072,140.6,0.6,-0.3622320619670768
0.5,USDCHF,USDJPY,29,-0.0008372449474584253,-0.016125388546891585,130.3793103448276,0.6551724137931034,-0.46763626785985596
0.5,USDJPY,AUDNZD,28,-0.00264555066431518,-0.017140658296409116,123.14285714285714,0.7142857142857143,-0.4799384322994552
0.5,USDJPY,AUDUSD,21,-0.044525598129132586,-0.06158822043833023,146.57142857142858,0.47619047619047616,-1.2933526292049349
0.5,USDJPY,EURCHF,24,-0.01036149518080252,-0.024557842212765992,120.41666666666667,0.7083333333333334,-0.5893882131063838
0.5,USDJPY,EURGBP,28,-0.016448783695143108,-0.032783421659918065,139.92857142857142,0.6428571428571429,-0.9179358064777058
0.5,USDJPY,EURJPY,29,-0.0070686446432940255,-0.025115408932382358,155.55172413793105,0.4482758620689655,-0.7283468590390884
0.5,USDJPY,EURUSD,25,-0.011167503278173466,-0.025774078620639216,124.16,0.72,-0.6443519655159804
0.5,USDJPY,GBPJPY,30,0.010225114946183536,-0.0034251133643187445,115.43333333333334,0.7,-0.10275340092956234
0.5,USDJPY,GBPUSD,29,-0.0018914478329768703,-0.015970333047903656,119.34482758620689,0.6206896551724138,-0.463139658389206
0.5,USDJPY,NZDUSD,26,-0.004135713341725496,-0.020368590054054267,139.0,0.6923076923076923,-0.529583341405411
0.5,USDJPY,USDCAD,25,0.00773265552249972,-0.006247070504897539,118.44,0.68,-0.1561767626224385
0.5,USDJPY,USDCHF,33,-0.0003452685330060345,-0.01420371602159051,117.33333333333333,0.6666666666666666,-0.4687226287124868
1.0,AUDNZD,AUDUSD,28,0.005772222325429639,-0.0030125134867034346,71.03571428571429,0.5714285714285714,-0.08435037762769616
1.0,AUDNZD,EURCHF,33,0.009938305013866878,0.0019345690238295188,63.90909090909091,0.7575757575757576,0.06384077778637412
1.0,AUDNZD,EURGBP,35,0.012127255442733485,0.004135474620815678,63.8,0.6857142857142857,0.1447416117285487
1.0,AUDNZD,EURJPY,37,0.007577205916292925,0.00017068981114667868,58.45945945945946,0.7837837837837838,0.006315523012427111
1.0,AUDNZD,EURUSD,34,0.00903289861846486,-0.0004409128239203127,77.32352941176471,0.6764705882352942,-0.014991036013290632
1.0,AUDNZD,GBPJPY,37,-0.002344529985130778,-0.011202360418303683,71.70270270270271,0.7567567567567568,-0.41448733547723626
1.0,AUDNZD,GBPUSD,33,0.0026886437243124504,-0.005547553868049522,66.03030303030303,0.7272727272727273,-0.18306927764563424
1.0,AUDNZD,NZDUSD,30,0.0009856742929406218,-0.007999713834913257,72.86666666666666,0.6333333333333333,-0.2399914150473977
1.0,AUDNZD,USDCAD,28,-0.0034681760577038533,-0.012272481341461194,71.21428571428571,0.5714285714285714,-0.34362947756091344
1.0,AUDNZD,USDCHF,37,0.0075131377546488794,-0.0008263661328002141,66.97297297297297,0.7027027027027027,-0.03057554691360792
1.0,AUDNZD,USDJPY,36,0.008345465832668587,5.7794599791873865e-05,66.5,0.7777777777777778,0.002080605592507459
1.0,AUDUSD,AUDNZD,30,0.007544471539766877,-0.0012473092821509329,71.1,0.6,-0.037419278464527986
1.0,AUDUSD,EURCHF,31,0.00641031149199548,-0.0012321984505586534,60.61290322580645,0.7741935483870968,-0.03819815196731825
1.0,AUDUSD,EURGBP,39,0.009671469070118106,0.0022310054241750066,58.76923076923077,0.6410256410256411,0.08700921154282526
1.0,AUDUSD,EURJPY,34,0.0033413917555834257,-0.004955949098566455,66.58823529411765,0.6176470588235294,-0.16850226935125945
1.0,AUDUSD,EURUSD,32,0.006199388188921967,-0.00150609126313283,61.1875,0.6875,-0.04819492042025056
1.0,AUDUSD,GBPJPY,31,-0.004825849506020974,-0.015239901649193756,85.90322580645162,0.7096774193548387,-0.47243695112500644
1.0,AUDUSD,GBPUSD,35,0.005315839536736558,-0.0037530450033808585,73.62857142857143,0.6285714285714286,-0.13135657511833004
1.0,AUDUSD,NZDUSD,33,0.00936792422391885,0.0028984348092239553,49.90909090909091,0.8787878787878788,0.09564834870439053
1.0,AUDUSD,USDCAD,29,0.0072257540709497695,-0.0017251198071796593,72.55172413793103,0.6206896551724138,-0.05002847440821012
1.0,AUDUSD,USDCHF,31,0.0055704776192481206,-0.0033270036003718558,72.06451612903226,0.6451612903225806,-0.10313711161152753
1.0,AUDUSD,USDJPY,28,-0.015592980778315455,-0.026420769428021917,89.67857142857143,0.6071428571428571,-0.7397815439846137
1.0,EURCHF,AUDNZD,35,0.010825806762497425,0.00263676566660701,65.6,0.7428571428571429,0.09228679833124535
1.0,EURCHF,AUDUSD,27,0.014145112027840715,0.006732123697044163,58.51851851851852,0.8148148148148148,0.18176733982019241
1.0,EURCHF,EURGBP,36,0.0030104101255114175,-0.006309224577684928,75.91666666666667,0.5833333333333334,-0.22713208479665742
1.0,EURCHF,EURJPY,35,-0.002090314196424094,-0.01256193846256891,86.42857142857143,0.6285714285714286,-0.43966784618991184
1.0,EURCHF,EURUSD,35,0.013294429410546921,0.005787971484910913,59.371428571428574,0.8285714285714286,0.20257900197188194
1.0,EURCHF,GBPJPY,34,-0.013527981538226748,-0.02447802182831539,90.79411764705883,0.6176470588235294,-0.8322527421627233
1.0,EURCHF,GBPUSD,35,0.01186940645865736,0.0029727332688334832,72.05714285714286,0.6857142857142857,0.10404566440917191
1.0,EURCHF,NZDUSD,33,0.01853309743526271,0.010419772404129453,64.9090909090909,0.696969696969697,0.34385248933627194
1.0,EURCHF,USDCAD,34,-0.005730571897224072,-0.015723319681269197,82.05882352941177,0.5588235294117647,-0.5345928691631527
1.0,EURCHF,USDCHF,32,0.0007547174954474073,-0.009032953737429308,80.1875,0.625,-0.28905451959773787
1.0,EURCHF,USDJPY,29,0.000571174338080646,-0.009192170017139007,79.96551724137932,0.6551724137931034,-0.2665729304970312
1.0,EURGBP,AUDNZD,35,0.010556411982008303,0.002708662471245092,62.48571428571429,0.7142857142857143,0.09480318649357822
1.0,EURGBP,AUDUSD,36,0.007809595281173056,0.0006482558595596601,56.22222222222222,0.7222222222222222,0.023337210944147764
1.0,EURGBP,EURCHF,42,0.006354678597215787,-0.0014972457341605996,62.523809523809526,0.6428571428571429,-0.06288432083474518
1.0,EURGBP,EURJPY,31,-0.016556662975863203,-0.027748443797781012,93.0,0.6129032258064516,-0.8602017577312114
1.0,EURGBP,EURUSD,39,0.008731006284601621,0.00017779237522332943,68.92307692307692,0.6923076923076923,0.006933902633709847
1.0,EURGBP,GBPJPY,38,0.0001641872447452558,-0.009222258321224466,76.52631578947368,0.631578947368421,-0.3504458162065297
1.0,EURGBP,GBPUSD,36,0.0014516002645001225,-0.007164838091664263,69.5,0.6944444444444444,-0.2579341712999135
1.0,EURGBP,NZDUSD,36,0.0036693172934822455,-0.004316984076380762,63.75,0.7222222222222222,-0.15541142674970743
1.0,EURGBP,USDCAD,40,0.00951734850155138,0.0014187183645650767,64.775,0.7,0.05674873458260307
1.0,EURGBP,USDCHF,34,0.008532480431245056,0.00040274634583006635,65.05882352941177,0.7941176470588235,0.013693375758222256
1.0,EURGBP,USDJPY,37,0.0028783165761265585,-0.00678217953642435,79.02702702702703,0.6486486486486487,-0.25094064284770096
1.0,EURJPY,AUDNZD,37,-0.0007344264488749205,-0.009056159140470628,66.8108108108108,0.7027027027027027,-0.33507788819741324
1.0,EURJPY,AUDUSD,36,0.0038619664650942206,-0.004376998527295433,66.05555555555556,0.6666666666666666,-0.1575719469826356
1.0,EURJPY,EURCHF,36,-0.005608608701713451,-0.016091104896538415,86.52777777777777,0.5833333333333334,-0.579279776275383
1.0,EURJPY,EURGBP,30,-0.014295166071810325,-0.02620292862888795,99.53333333333333,0.5333333333333333,-0.7860878588666385
1.0,EURJPY,EURUSD,27,-0.009968711796362035,-0.02131067019311495,94.37037037037037,0.5555555555555556,-0.5753880952141037
1.0,EURJPY,GBPJPY,41,0.00427464019969684,-0.003982292643604194,66.21951219512195,0.6585365853658537,-0.16327399838777196
1.0,EURJPY,GBPUSD,38,0.007650542766903724,0.0003116819161466953,57.8421052631579,0.7368421052631579,0.011843912813574421
1.0,EURJPY,NZDUSD,34,-0.0046751814680763455,-0.015057937310139194,85.61764705882354,0.6176470588235294,-0.5119698685447326
1.0,EURJPY,USDCAD,34,-0.006744928975958521,-0.017114791989657152,85.5,0.5294117647058824,-0.5819029276483432
1.0,EURJPY,USDCHF,48,0.012911789495863376,0.004831880820064287,64.60416666666667,0.7708333333333334,0.23193027936308575
1.0,EURJPY,USDJPY,34,0.0006014463682411176,-0.009313944445618675,81.3529411764706,0.6470588235294118,-0.31667411115103494
1.0,EURUSD,AUDNZD,37,0.013633760610818085,0.004835167497156478,71.16216216216216,0.7567567567567568,0.17890119739478968
1.0,EURUSD,AUDUSD,32,0.011289171996642672,0.004367939119930344,54.03125,0.6875,0.139774051837771
1.0,EURUSD,EURCHF,32,0.010537011689110004,0.001968518538425073,69.0625,0.78125,0.06299259322960234
1.0,EURUSD,EURGBP,36,0.0038770729586188137,-0.005378634803938264,75.33333333333333,0.6111111111111112,-0.1936308529417775
1.0,EURUSD,EURJPY,28,-0.003962538800781524,-0.014958624906456672,91.21428571428571,0.5714285714285714,-0.4188414973807868
1.0,EURUSD,GBPJPY,29,-0.006735682749655772,-0.01700162512093589,84.55172413793103,0.6206896551724138,-0.4930471285071408
1.0,EURUSD,GBPUSD,40,0.004248552679328555,-0.004261036361767336,68.525,0.65,-0.17044145447069342
1.0,EURUSD,NZDUSD,34,0.0025871060605348775,-0.006822241240029186,76.73529411764706,0.5882352941176471,-0.23195620216099233
1.0,EURUSD,USDCAD,28,0.003953102170514783,-0.0051486590819314,73.92857142857143,0.6428571428571429,-0.1441624542940792
1.0,EURUSD,USDCHF,32,0.0053099332497045055,-0.00406677907906262,76.4375,0.78125,-0.13013693053000383
1.0,EURUSD,USDJPY,24,-0.012844612554861351,-0.02477155319413076,99.70833333333333,0.625,-0.5945172766591382
1.0,GBPJPY,AUDNZD,40,-0.001982080254397571,-0.01050810765165785,68.675,0.725,-0.420324306066314
1.0,GBPJPY,AUDUSD,32,-0.00030669001953744033,-0.010248470841455248,81.59375,0.65625,-0.32795106692656795
1.0,GBPJPY,EURCHF,31,-0.01272486136474084,-0.0242878308742415,96.38709677419355,0.5161290322580645,-0.7529227571014865
1.0,GBPJPY,EURGBP,41,0.008771280716854355,0.0003486278601888001,67.73170731707317,0.7073170731707317,0.014293742267740803
1.0,GBPJPY,EURJPY,41,0.005027308318843391,-0.0031948767797199224,65.90243902439025,0.6097560975609756,-0.13098994796851682
1.0,GBPJPY,EURUSD,27,-0.02263850295109648,-0.0342036982834151,96.4074074074074,0.6296296296296297,-0.9234998536522078
1.0,GBPJPY,GBPUSD,29,-0.006058974368320625,-0.01665368386288841,87.55172413793103,0.5862068965517241,-0.4829568320237639
1.0,GBPJPY,NZDUSD,32,-0.007570176909608265,-0.019121546772621963,96.28125,0.5,-0.6118894967239028
1.0,GBPJPY,USDCAD,39,0.008893001827230898,-9.294829570552801e-05,72.87179487179488,0.6410256410256411,-0.0036249835325155924
1.0,GBPJPY,USDCHF,41,0.0057792490540918015,-0.00267547864387011,68.02439024390245,0.7073170731707317,-0.1096946243986745
1.0,GBPJPY,USDJPY,35,0.0037957531208747744,-0.005789765470123268,78.34285714285714,0.6285714285714286,-0.20264179145431438
1.0,GBPUSD,AUDNZD,32,0.0026357927663051284,-0.006271741480270215,72.15625,0.75,-0.20069572736864688
1.0,GBPUSD,AUDUSD,32,0.004020687249828826,-0.005314929188527337,76.0625,0.625,-0.1700777340328748
1.0,GBPUSD,EURCHF,37,0.013652372605293445,0.005659407036985414,63.810810810810814,0.6756756756756757,0.20939806036846031
1.0,GBPUSD,EURGBP,35,0.00664168710468493,-0.0014628138737886502,64.82857142857142,0.7714285714285715,-0.05119848558260276
1.0,GBPUSD,EURJPY,39,0.007233108521781834,7.926236793567955e-05,56.15384615384615,0.7435897435897436,0.0030912323494915023
1.0,GBPUSD,EURUSD,41,0.0033009433734860322,-0.004886493980339562,65.58536585365853,0.6341463414634146,-0.20034625319392202
1.0,GBPUSD,GBPJPY,29,-0.00432897826500503,-0.014859445907895917,86.96551724137932,0.5862068965517241,-0.4309239313289816
1.0,GBPUSD,NZDUSD,37,0.01012853844025515,0.0027516409948645554,58.189189189189186,0.7027027027027027,0.10181071680998854
1.0,GBPUSD,USDCAD,34,0.002527929970887339,-0.006668685661667054,74.79411764705883,0.6764705882352942,-0.22673531249667983
1.0,GBPUSD,USDCHF,38,0.015056111744506176,0.006791511888702281,66.28947368421052,0.7894736842105263,0.2580774517706867
1.0,GBPUSD,USDJPY,30,-0.00478602018087379,-0.014129399176307582,76.13333333333334,0.6666666666666666,-0.42388197528922744
1.0,NZDUSD,AUDNZD,33,0.006533321358002155,-0.002576267683093738,74.0,0.696969696969697,-0.08501683354209336
1.0,NZDUSD,AUDUSD,31,0.007621037577256696,0.001000180308144897,51.29032258064516,0.8387096774193549,0.031005589552491806
1.0,NZDUSD,EURCHF,35,0.010876063517152208,0.0026870224212617957,65.6,0.7428571428571429,0.09404578474416285
1.0,NZDUSD,EURGBP,37,0.00333611056380793,-0.004956003468032135,66.54054054054055,0.6756756756756757,-0.183372128317189
1.0,NZDUSD,EURJPY,32,-0.005080962265434719,-0.015947400621599106,90.03125,0.5625,-0.5103168198911714
1.0,NZDUSD,EURUSD,35,0.0027207881579653804,-0.006570405579803701,75.65714285714286,0.6285714285714286,-0.22996419529312953
1.0,NZDUSD,GBPJPY,31,-0.008413202845111328,-0.020410993388637624,100.35483870967742,0.5483870967741935,-0.6327407950477664
1.0,NZDUSD,GBPUSD,34,0.005778097837927542,-0.0022968417269395025,64.55882352941177,0.7058823529411765,-0.07809261871594309
1.0,NZDUSD,USDCAD,36,0.007373382400908366,-0.00043027056712816595,62.083333333333336,0.7222222222222222,-0.015489740416613974
1.0,NZDUSD,USDCHF,36,0.022579254377219252,0.01468427720826948,62.916666666666664,0.8055555555555556,0.5286339794977013
1.0,NZDUSD,USDJPY,31,-0.003303685373387339,-0.013367759611124862,82.70967741935483,0.6774193548387096,-0.41440054794487075
1.0,USDCAD,AUDNZD,27,0.00020650249683999765,-0.00875290896942078,72.62962962962963,0.5925925925925926,-0.23632854217436106
1.0,USDCAD,AUDUSD,30,0.0017280673100590013,-0.005810745475329128,59.666666666666664,0.6333333333333333,-0.17432236425987382
1.0,USDCAD,EURCHF,33,-0.006043435993640513,-0.015548209758688253,77.60606060606061,0.6666666666666666,-0.5130909220367124
1.0,USDCAD,EURGBP,38,0.008127999001210987,0.00025272863351091324,62.73684210526316,0.7368421052631579,0.009603688073414704
1.0,USDCAD,EURJPY,36,0.0030322755155441044,-0.006552199370300644,78.33333333333333,0.6666666666666666,-0.2358791773308232
1.0,USDCAD,EURUSD,28,0.0030636061197033926,-0.005932479985971755,72.96428571428571,0.6785714285714286,-0.16610943960720914
1.0,USDCAD,GBPJPY,39,0.004679552453234174,-0.003876471431556834,68.94871794871794,0.6923076923076923,-0.15118238583071653
1.0,USDCAD,GBPUSD,35,0.00029864859574934996,-0.00798745707939742,66.48571428571428,0.7428571428571429,-0.27956099777890975
1.0,USDCAD,NZDUSD,33,0.002489811748396637,-0.005978847446289955,68.15151515151516,0.696969696969697,-0.19730196572756853
1.0,USDCAD,USDCHF,30,0.00852903828166744,-0.0009129708507526537,77.03333333333333,0.6333333333333333,-0.027389125522579612
1.0,USDCAD,USDJPY,28,0.0009187649948418634,-0.008781822089306866,79.39285714285714,0.6071428571428571,-0.24589101850059225
1.0,USDCHF,AUDNZD,35,0.007876551821301139,-0.0008604344800687233,70.6,0.6857142857142857,-0.030115206802405314
1.0,USDCHF,AUDUSD,32,0.011086808871302615,0.003323110241165627,61.71875,0.71875,0.10633952771730007
1.0,USDCHF,EURCHF,37,-0.0008798244103296674,-0.009879824410329668,73.0,0.6756756756756757,-0.3655535031821977
1.0,USDCHF,EURGBP,32,0.01004281246015241,0.0011626754738510363,71.90625,0.71875,0.03720561516323316
1.0,USDCHF,EURJPY,44,0.008767108968985821,0.0004570217958849476,66.70454545454545,0.7045454545454546,0.020108959018937694
1.0,USDCHF,EURUSD,31,0.014535832962557232,0.005528762701841371,73.06451612903226,0.7741935483870968,0.1713916437570825
1.0,USDCHF,GBPJPY,36,-0.0015387467741428838,-0.01030739213182934,70.88888888888889,0.7222222222222222,-0.3710661167458562
1.0,USDCHF,GBPUSD,44,0.02486807011684738,0.01786308879679757,54.79545454545455,0.7954545454545454,0.7859759070590931
1.0,USDCHF,NZDUSD,35,0.025946250928602685,0.018151730380657483,62.0,0.8,0.6353105633230118
1.0,USDCHF,USDCAD,30,0.007820637874458284,-0.0019647502533955983,80.16666666666667,0.6,-0.05894250760186795
1.0,USDCHF,USDJPY,34,-0.0013903570281449415,-0.011473354610739624,82.88235294117646,0.6176470588235294,-0.3900940567651472
1.0,USDJPY,AUDNZD,35,-0.00016378147417774999,-0.009739906718796145,78.25714285714285,0.7714285714285715,-0.3408967351578651
1.0,USDJPY,AUDUSD,23,-0.03484012164780814,-0.04738508889021433,105.34782608695652,0.5652173913043478,-1.0898570444749296
1.0,USDJPY,EURCHF,27,-0.011633969240139316,-0.021685212263985076,82.5925925925926,0.6296296296296297,-0.585500731127597
1.0,USDJPY,EURGBP,31,-0.01254530121664172,-0.02412241124757411,96.51612903225806,0.5806451612903226,-0.7477947486747974
1.0,USDJPY,EURJPY,35,-0.0008892986368823025,-0.010468554996960582,78.28571428571429,0.6285714285714286,-0.3663994248936204
1.0,USDJPY,EURUSD,26,-0.02233180852357478,-0.033523589345492585,93.0,0.6153846153846154,-0.8716133229828072
1.0,USDJPY,GBPJPY,34,0.002997059053620487,-0.006170547715114404,74.52941176470588,0.6470588235294118,-0.20979862231388974
1.0,USDJPY,GBPUSD,35,0.004663786836112393,-0.0033405184476449435,63.91428571428571,0.7142857142857143,-0.11691814566757303
1.0,USDJPY,NZDUSD,31,-0.0008478899107659824,-0.011300828487876015,86.25806451612904,0.7096774193548387,-0.35032568312415646
1.0,USDJPY,USDCAD,28,-0.0011800547406636192,-0.011076336541055012,81.17857142857143,0.5714285714285714,-0.31013742314954035
1.0,USDJPY,USDCHF,36,-0.0037277133414804426,-0.013710970571313017,81.97222222222223,0.5833333333333334,-0.4935949405672686
1.5,AUDNZD,AUDUSD,43,0.0033829459816448076,-0.0010550916099448721,31.372093023255815,0.627906976744186,-0.0453689392276295
1.5,AUDNZD,EURCHF,44,0.0032602705642322733,-0.0021008751393791834,39.79545454545455,0.5681818181818182,-0.09243850613268408
1.5,AUDNZD,EURGBP,55,0.00939645177041988,0.005513263725587999,26.30909090909091,0.8,0.30322950490733996
1.5,AUDNZD,EURJPY,46,0.003101691357582025,-0.0012788923231803323,30.847826086956523,0.7608695652173914,-0.05882904686629529
1.5,AUDNZD,EURUSD,53,0.01110892945757705,0.006668247110717392,31.39622641509434,0.7169811320754716,0.3534170968680218
1.5,AUDNZD,GBPJPY,50,0.0008812660842053324,-0.003857911997986451,34.12,0.7,-0.19289559989932256
1.5,AUDNZD,GBPUSD,47,-0.001586107996022842,-0.00634477893743934,34.297872340425535,0.723404255319149,-0.298204610059649
1.5,AUDNZD,NZDUSD,47,0.0053775771081323205,0.0010969009204319403,29.93617021276596,0.7446808510638298,0.0515543432603012
1.5,AUDNZD,USDCAD,38,-0.006771773800614791,-0.012582155920297558,43.89473684210526,0.5526315789473685,-0.47812192497130723
1.5,AUDNZD,USDCHF,50,0.007071359753348852,0.0023562912601981676,33.9,0.6,0.11781456300990838
1.5,AUDNZD,USDJPY,45,0.002998900388819261,-0.002012058515290326,36.6,0.7555555555555555,-0.09054263318806467
1.5,AUDUSD,AUDNZD,42,0.002710405556689034,-0.0020860719384185986,34.642857142857146,0.5952380952380952,-0.08761502141358114
1.5,AUDUSD,EURCHF,37,0.000753241524366006,-0.004582930263860579,39.567567567567565,0.6216216216216216,-0.16956841976284143
1.5,AUDUSD,EURGBP,51,0.0010894610977649902,-0.0034582155071235412,32.372549019607845,0.6274509803921569,-0.1763689908633006
1.5,AUDUSD,EURJPY,43,-0.0007076237974245825,-0.005706349506249048,36.48837209302326,0.5813953488372093,-0.24537302876870906
1.5,AUDUSD,EURUSD,42,0.004884666360005563,0.0005891673384791426,30.071428571428573,0.7142857142857143,0.024745028216123992
1.5,AUDUSD,GBPJPY,45,0.004086651286671107,-0.0008585541927809472,36.0,0.6666666666666666,-0.03863493867514262
1.5,AUDUSD,GBPUSD,48,0.00580038813381454,0.001028698636097645,34.416666666666664,0.6666666666666666,0.049377534532686965
1.5,AUDUSD,NZDUSD,44,0.004563302259554373,0.0002183458461048068,30.522727272727273,0.6590909090909091,0.009607217228611499
1.5,AUDUSD,USDCAD,36,-0.003550330919113245,-0.00862643441987428,37.19444444444444,0.6944444444444444,-0.31055163911547407
1.5,AUDUSD,USDCHF,42,0.004187070357316813,-0.0006824664985214141,35.30952380952381,0.6428571428571429,-0.02866359293789939
1.5,AUDUSD,USDJPY,40,-0.003979416036021669,-0.009346539323692902,39.85,0.675,-0.37386157294771605
1.5,EURCHF,AUDNZD,46,0.004078978145121204,-0.0012378771258734357,39.391304347826086,0.5434782608695652,-0.05694234779017804
1.5,EURCHF,AUDUSD,31,0.002922258782017238,-0.002404740776091468,39.483870967741936,0.6129032258064516,-0.0745469640588355
1.5,EURCHF,EURGBP,46,0.0032149701281860487,-0.0022996218908729153,41.19565217391305,0.6304347826086957,-0.1057826069801541
1.5,EURCHF,EURJPY,52,0.0013208250146497223,-0.003780334100208023,37.42307692307692,0.6153846153846154,-0.1965773732108172
1.5,EURCHF,EURUSD,43,0.007918228625220665,0.0034623509571735153,31.53488372093023,0.6976744186046512,0.14888109115846115
1.5,EURCHF,GBPJPY,55,0.0014887865151219065,-0.003583940757605368,37.163636363636364,0.6363636363636364,-0.19711674166829524
1.5,EURCHF,GBPUSD,50,0.011097430776247417,0.006625649954329609,31.68,0.74,0.33128249771648044
1.5,EURCHF,NZDUSD,50,0.00952332608829395,0.005459216499252854,27.96,0.78,0.2729608249626427
1.5,EURCHF,USDCAD,50,-0.0014468020564208392,-0.006486254111215363,36.86,0.72,-0.32431270556076813
1.5,EURCHF,USDCHF,40,-0.0042673669828818175,-0.010157777941785929,44.625,0.6,-0.4063111176714371
1.5,EURCHF,USDJPY,43,-0.00041392720816800244,-0.006138998887046625,43.116279069767444,0.7441860465116279,-0.2639769521430049
1.5,EURGBP,AUDNZD,57,0.009886382503630916,0.006142811246721519,25.035087719298247,0.7719298245614035,0.3501402410631266
1.5,EURGBP,AUDUSD,47,-7.780040940547666e-05,-0.00455200618031775,31.70212765957447,0.7021276595744681,-0.21394429047493427
1.5,EURGBP,EURCHF,53,0.0038836309441198594,-0.0010305587689843022,35.716981132075475,0.6981132075471698,-0.05461961475616802
1.5,EURGBP,EURJPY,46,-0.0038863660307528252,-0.00956295924099702,42.67391304347826,0.6086956521739131,-0.43989612508586295
1.5,EURGBP,EURUSD,50,0.007869372378903164,0.0032858107350675464,32.7,0.68,0.16429053675337732
1.5,EURGBP,GBPJPY,54,0.0024134078144694006,-0.0024465617441302955,35.22222222222222,0.6851851851851852,-0.13211433418303595
1.5,EURGBP,GBPUSD,46,0.0025923409299463533,-0.0018620962350328033,31.52173913043478,0.6956521739130435,-0.08565642681150895
1.5,EURGBP,NZDUSD,48,0.0018878544309632774,-0.0023541547014568147,29.583333333333332,0.7291666666666666,-0.1129994256699271
1.5,EURGBP,USDCAD,59,0.007957847385508483,0.004192117178868131,25.23728813559322,0.8135593220338984,0.2473349135532197
1.5,EURGBP,USDCHF,48,0.007116841930440757,0.0026739195560115327,31.416666666666668,0.75,0.12834813868855358
1.5,EURGBP,USDJPY,52,0.0016397623967866332,-0.003421354568439922,37.05769230769231,0.7307692307692307,-0.17791043755887595
1.5,EURJPY,AUDNZD,50,0.0034397298634997213,-0.0009947906844454824,31.34,0.76,-0.049739534222274125
1.5,EURJPY,AUDUSD,43,0.0003600772537083564,-0.004651391366871448,36.604651162790695,0.6046511627906976,-0.20000982877547224
1.5,EURJPY,EURCHF,53,0.001142168016160509,-0.003821646923100283,36.16981132075472,0.660377358490566,-0.202547286924315
1.5,EURJPY,EURGBP,47,-0.0021196004139066005,-0.007722340139933997,42.0,0.5531914893617021,-0.36294998657689787
1.5,EURJPY,EURUSD,43,-0.0058364176603254245,-0.011390734321682545,41.55813953488372,0.627906976744186,-0.4898015758323494
1.5,EURJPY,GBPJPY,60,0.004078612592917734,-4.650156233340802e-05,28.516666666666666,0.7333333333333333,-0.0027900937400044813
1.5,EURJPY,GBPUSD,51,0.0016386594162842313,-0.0027177735678683354,30.627450980392158,0.7254901960784313,-0.1386064519612851
1.5,EURJPY,NZDUSD,46,-0.003459255958269793,-0.008992906940997606,41.369565217391305,0.6086956521739131,-0.4136737192858899
1.5,EURJPY,USDCAD,49,-0.001456549630870685,-0.006274273980884664,34.83673469387755,0.7346938775510204,-0.30743942506334854
1.5,EURJPY,USDCHF,62,0.007470087479480476,0.0029773786858437097,31.870967741935484,0.7258064516129032,0.18459747852231
1.5,EURJPY,USDJPY,45,-0.0017674384162302177,-0.007428625630842091,42.53333333333333,0.6444444444444445,-0.3342881533878941
1.5,EURUSD,AUDNZD,56,0.013208009870895475,0.008859673275983538,30.553571428571427,0.7321428571428571,0.49614170345507813
1.5,EURUSD,AUDUSD,38,0.0044739007207269905,5.356906968156893e-05,31.210526315789473,0.7368421052631579,0.002035624647899619
1.5,EURUSD,EURCHF,43,0.007071200699159701,0.002487893913559191,32.69767441860465,0.7441860465116279,0.10697943828304522
1.5,EURUSD,EURGBP,51,0.0050463811844126336,0.00039126434315558343,33.35294117647059,0.7450980392156863,0.019954481500934755
1.5,EURUSD,EURJPY,44,-0.0023700064942613467,-0.007701264277573922,39.52272727272727,0.6590909090909091,-0.3388556282132526
1.5,EURUSD,GBPJPY,38,-0.006485855542128814,-0.012270282362604662,43.6578947368421,0.7105263157894737,-0.46627072977897716
1.5,EURUSD,GBPUSD,60,0.004702554070369691,0.000590225303246404,28.4,0.7333333333333333,0.03541351819478424
1.5,EURUSD,NZDUSD,51,0.0060378157192244545,0.001573942498703369,31.607843137254903,0.6470588235294118,0.08027106743387181
1.5,EURUSD,USDCAD,34,-0.004065594774990908,-0.009951976725031196,44.588235294117645,0.5882352941176471,-0.3383672086510607
1.5,EURUSD,USDCHF,49,0.00942636470996315,0.004774142177114395,33.326530612244895,0.7551020408163265,0.23393296667860533
1.5,EURUSD,USDJPY,34,-0.007427684970377713,-0.013862012125897457,49.588235294117645,0.6176470588235294,-0.47130841228051357
1.5,GBPJPY,AUDNZD,52,0.0022967873519403005,-0.0023344033751408386,33.13461538461539,0.6923076923076923,-0.12138897550732361
1.5,GBPJPY,AUDUSD,45,0.0030559560068055746,-0.0020207563219615484,37.2,0.6666666666666666,-0.09093403448826969
1.5,GBPJPY,EURCHF,55,0.0009999850448626421,-0.004188308853020298,38.21818181818182,0.6363636363636364,-0.23035698691611636
1.5,GBPJPY,EURGBP,56,0.0036788625475431894,-0.001383759761654464,37.07142857142857,0.6428571428571429,-0.07749054665264998
1.5,GBPJPY,EURJPY,60,0.004729161184588662,0.0006131794494288447,28.433333333333334,0.7166666666666667,0.03679076696573068
1.5,GBPJPY,EURUSD,44,-0.0033828431148432733,-0.008793802018952863,40.25,0.7045454545454546,-0.386927288833926
1.5,GBPJPY,GBPUSD,49,-0.0008774444189656424,-0.005686222724808527,34.755102040816325,0.673469387755102,-0.2786249135156178
1.5,GBPJPY,NZDUSD,54,-0.0015988927463566312,-0.00691954216289646,39.425925925925924,0.6111111111111112,-0.37365527679640886
1.5,GBPJPY,USDCAD,56,0.005764673806617251,0.0010680006167933733,33.732142857142854,0.625,0.059808034540428906
1.5,GBPJPY,USDCHF,56,0.007650030602126342,0.003250813380991311,31.017857142857142,0.6964285714285714,0.18204554933551342
1.5,GBPJPY,USDJPY,47,0.0027271901019015462,-0.002220347059275953,36.02127659574468,0.7659574468085106,-0.1043563117859698
1.5,GBPUSD,AUDNZD,45,8.42286030090732e-05,-0.004977871853611932,37.06666666666667,0.6888888888888889,-0.22400423341253695
1.5,GBPUSD,AUDUSD,47,0.0042544114277250035,-0.0005998584644347175,35.170212765957444,0.5957446808510638,-0.02819334782843172
1.5,GBPUSD,EURCHF,53,0.009262427467511549,0.004918927855208628,30.50943396226415,0.7169811320754716,0.2607031763260573
1.5,GBPUSD,EURGBP,47,0.0044276650982675025,-0.00015612971374066067,32.702127659574465,0.7446808510638298,-0.007338096545811051
1.5,GBPUSD,EURJPY,52,0.0015464891669046894,-0.0028001915496390405,30.53846153846154,0.7307692307692307,-0.1456099605812301
1.5,GBPUSD,EURUSD,57,0.004025024736744892,-0.00031263447978959423,30.45614035087719,0.7017543859649122,-0.017820165348006872
1.5,GBPUSD,GBPJPY,43,-0.0025236852256087213,-0.007744137598976035,38.51162790697674,0.6511627906976745,-0.3329979167559695
1.5,GBPUSD,NZDUSD,46,0.0021825485369361,-0.0024791548579418047,33.41304347826087,0.6956521739130435,-0.11404112346532302
1.5,GBPUSD,USDCAD,49,0.00021036868290384895,-0.004598409622939033,34.755102040816325,0.6938775510204082,-0.22532207152401262
1.5,GBPUSD,USDCHF,53,0.013211345857318507,0.00887198168052864,30.471698113207548,0.7358490566037735,0.4702150290680179
1.5,GBPUSD,USDJPY,43,-0.002170276511098141,-0.007502866507912413,39.53488372093023,0.6744186046511628,-0.32262325984023377
1.5,NZDUSD,AUDNZD,54,0.010229857764481935,0.005976686785283557,29.685185185185187,0.7407407407407407,0.32274108640531207
1.5,NZDUSD,AUDUSD,43,0.0038243573993689576,-0.0005881943687100485,31.13953488372093,0.6511627906976745,-0.025292357854532085
1.5,NZDUSD,EURCHF,54,0.006028335658228791,0.0019030185603089531,28.51851851851852,0.7037037037037037,0.10276300225668347
1.5,NZDUSD,EURGBP,51,0.0024212018328283974,-0.0020018440978726514,31.235294117647058,0.6862745098039216,-0.10209404899150522
1.5,NZDUSD,EURJPY,47,-0.001955040088769594,-0.007466844227504657,41.170212765957444,0.574468085106383,-0.35094167869271886
1.5,NZDUSD,EURUSD,53,0.005180022338068373,0.0006380218211389352,32.320754716981135,0.6226415094339622,0.033815156520363564
1.5,NZDUSD,GBPJPY,52,0.00022566046530981103,-0.005084139323942035,39.32692307692308,0.6730769230769231,-0.2643752448449858
1.5,NZDUSD,GBPUSD,51,0.003190606753960193,-0.0012302903720134847,31.215686274509803,0.6862745098039216,-0.06274480897268772
1.5,NZDUSD,USDCAD,50,0.004485659413716617,0.00012785119453853495,30.64,0.78,0.006392559726926747
1.5,NZDUSD,USDCHF,49,0.015495866564227908,0.010946523539346723,32.38775510204081,0.7755102040816326,0.5363796534279894
1.5,NZDUSD,USDJPY,47,0.00726569099093743,0.0023111587845835967,36.08510638297872,0.6808510638297872,0.10862446287542904
1.5,USDCAD,AUDNZD,36,-0.0061608932600701015,-0.012040649728867665,44.52777777777778,0.5833333333333334,-0.4334633902392359
1.5,USDCAD,AUDUSD,40,-0.003764868408871605,-0.008438841011611332,33.525,0.725,-0.3375536404644533
1.5,USDCAD,EURCHF,45,0.0008872367105618987,-0.004167557809986047,37.0,0.7777777777777778,-0.1875401014493721
1.5,USDCAD,EURGBP,54,0.007686277349817784,0.0038126091610811005,26.22222222222222,0.8148148148148148,0.20588089469837942
1.5,USDCAD,EURJPY,54,0.005439942282139338,0.0011644476093843879,29.88888888888889,0.7592592592592593,0.06288017090675695
1.5,USDCAD,EURUSD,37,-0.00215992684057248,-0.007422051979409948,38.891891891891895,0.6486486486486487,-0.2746159232381681
1.5,USDCAD,GBPJPY,53,0.0007520941257152283,-0.0038705473837187376,33.056603773584904,0.6792452830188679,-0.20513901133709309
1.5,USDCAD,GBPUSD,49,0.002926213567247465,-0.0015381420380083353,31.612244897959183,0.673469387755102,-0.07536895986240844
1.5,USDCAD,NZDUSD,42,-0.000337335568036203,-0.005219918738290608,35.42857142857143,0.7619047619047619,-0.21923658700820553
1.5,USDCAD,USDCHF,48,0.008660561860849842,0.00403042487454847,33.125,0.6666666666666666,0.1934603939783266
1.5,USDCAD,USDJPY,39,0.0016272052580805457,-0.003950244689232416,41.76923076923077,0.6666666666666666,-0.15405954288006424
1.5,USDCHF,AUDNZD,50,0.00930071396387267,0.005127015333735683,28.96,0.72,0.25635076668678414
1.5,USDCHF,AUDUSD,41,0.009445305390843943,0.005168325771732684,29.902439024390244,0.7317073170731707,0.21190135664104007
1.5,USDCHF,EURCHF,46,-0.002044509171244066,-0.00734707021948707,39.26086956521739,0.6521739130434783,-0.3379652300964052
1.5,USDCHF,EURGBP,46,0.010464092501487438,0.005933419481832883,32.21739130434783,0.6956521739130435,0.2729372961643126
1.5,USDCHF,EURJPY,53,0.00516052544936542,0.00043243033434861865,34.0188679245283,0.6981132075471698,0.02291880772047679
1.5,USDCHF,EURUSD,42,0.010953613260486928,0.0061675728169122345,34.54761904761905,0.7619047619047619,0.25903805831031385
1.5,USDCHF,GBPJPY,49,0.0075987432689255405,0.0029532302692051016,33.265306122448976,0.7142857142857143,0.14470828319104997
1.5,USDCHF,GBPUSD,59,0.01595004446043479,0.012072867771324042,26.25423728813559,0.7966101694915254,0.7122991985081185
1.5,USDCHF,NZDUSD,49,0.01927139236656358,0.015086600641654437,29.06122448979592,0.7959183673469388,0.7392434314410674
1.5,USDCHF,USDCAD,45,0.007842734353849549,0.0029584116750063223,35.44444444444444,0.6888888888888889,0.1331285253752845
1.5,USDCHF,USDJPY,49,0.0030096373302886856,-0.002199476452210616,38.40816326530612,0.5714285714285714,-0.10777434615832018
1.5,USDJPY,AUDNZD,41,-0.0003210563492859642,-0.005915777364989272,41.926829268292686,0.6829268292682927,-0.24254687196456015
1.5,USDJPY,AUDUSD,36,-0.010588968799191738,-0.016383489347136942,43.75,0.5277777777777778,-0.5898056164969299
1.5,USDJPY,EURCHF,39,-0.005802394572473814,-0.011846300438297487,46.02564102564103,0.717948717948718,-0.462005717093602
1.5,USDJPY,EURGBP,51,-0.0005854118437842289,-0.005840045203977623,38.8235294117647,0.6470588235294118,-0.2978423054028588
1.5,USDJPY,EURJPY,46,-0.0004942392111941,-0.00585635952090226,39.80434782608695,0.6739130434782609,-0.269392537961504
1.5,USDJPY,EURUSD,39,-0.012453178432078061,-0.018522374076616166,46.256410256410255,0.6666666666666666,-0.7223725889880305
1.5,USDJPY,GBPJPY,44,0.001644901318561415,-0.003145883239346431,34.59090909090909,0.7272727272727273,-0.13841886253124297
1.5,USDJPY,GBPUSD,46,0.0017055584902123386,-0.0033516184007942136,37.02173913043478,0.6521739130434783,-0.15417444643653383
1.5,USDJPY,NZDUSD,48,0.0045202082500053805,-0.0005277369554740726,36.9375,0.6875,-0.025331373862755482
1.5,USDJPY,USDCAD,40,-0.0004211600627226697,-0.00604033814491445,42.15,0.675,-0.24161352579657802
1.5,USDJPY,USDCHF,55,0.003928509818424366,-0.0009429721242904545,35.32727272727273,0.6909090909090909,-0.051863466835974995
