pair,long,short,activation,buffer,bl_n,bl_gross_wr,bl_net_wr,bl_avg_gross,bl_avg_net,bl_avg_hold,st_n,st_gross_wr,st_net_wr,st_avg_gross,st_avg_net,st_avg_hold,n_fired,pct_fired,n_unnecessary,pct_unnecessary,net_improvement
NATGAS/COPPER,NATGAS,COPPER,1.5,0.1,36,0.8611,0.7222,0.035,0.0191,126.4,61,0.6721,0.6393,0.0144,0.0062,56.7,39,63.9,25,64.1,-0.013
NATGAS/COPPER,NATGAS,COPPER,1.5,0.2,36,0.8611,0.7222,0.035,0.0191,126.4,61,0.6557,0.623,0.0194,0.0106,62.3,34,55.7,21,61.8,-0.0086
NATGAS/COPPER,NATGAS,COPPER,1.5,0.3,36,0.8611,0.7222,0.035,0.0191,126.4,60,0.6833,0.6167,0.0258,0.0162,68.8,29,48.3,20,69.0,-0.0029
NATGAS/COPPER,NATGAS,COPPER,1.5,0.5,36,0.8611,0.7222,0.035,0.0191,126.4,53,0.5849,0.5472,0.0142,0.0034,80.5,24,45.3,18,75.0,-0.0157
NATGAS/COPPER,NATGAS,COPPER,1.5,0.75,36,0.8611,0.7222,0.035,0.0191,126.4,49,0.6531,0.6122,0.0236,0.0112,94.4,14,28.6,12,85.7,-0.0079
NATGAS/COPPER,NATGAS,COPPER,1.25,0.1,36,0.8611,0.7222,0.035,0.0191,126.4,55,0.7273,0.6909,0.0132,0.005,56.1,37,67.3,25,67.6,-0.0141
NATGAS/COPPER,NATGAS,COPPER,1.25,0.2,36,0.8611,0.7222,0.035,0.0191,126.4,55,0.7273,0.6545,0.0197,0.0108,62.7,31,56.4,21,67.7,-0.0083
NATGAS/COPPER,NATGAS,COPPER,1.25,0.3,36,0.8611,0.7222,0.035,0.0191,126.4,55,0.6727,0.6182,0.0174,0.0081,66.3,30,54.5,20,66.7,-0.011
NATGAS/COPPER,NATGAS,COPPER,1.25,0.5,36,0.8611,0.7222,0.035,0.0191,126.4,55,0.6545,0.5818,0.0188,0.0087,73.4,26,47.3,18,69.2,-0.0104
NATGAS/COPPER,NATGAS,COPPER,1.25,0.75,36,0.8611,0.7222,0.035,0.0191,126.4,48,0.625,0.5625,0.014,0.0023,88.1,19,39.6,15,78.9,-0.0168
NATGAS/COPPER,NATGAS,COPPER,1.0,0.1,36,0.8611,0.7222,0.035,0.0191,126.4,45,0.8,0.6667,0.0189,0.0091,71.2,27,60.0,18,66.7,-0.01
NATGAS/COPPER,NATGAS,COPPER,1.0,0.2,36,0.8611,0.7222,0.035,0.0191,126.4,45,0.7778,0.6667,0.0202,0.0101,74.3,24,53.3,16,66.7,-0.0091
NATGAS/COPPER,NATGAS,COPPER,1.0,0.3,36,0.8611,0.7222,0.035,0.0191,126.4,45,0.7333,0.6667,0.024,0.0135,78.3,20,44.4,15,75.0,-0.0057
NATGAS/COPPER,NATGAS,COPPER,1.0,0.5,36,0.8611,0.7222,0.035,0.0191,126.4,45,0.6889,0.6222,0.0218,0.0106,83.8,18,40.0,14,77.8,-0.0085
NATGAS/COPPER,NATGAS,COPPER,1.0,0.75,36,0.8611,0.7222,0.035,0.0191,126.4,45,0.6889,0.6,0.0226,0.0105,91.8,15,33.3,11,73.3,-0.0086
NATGAS/COPPER,NATGAS,COPPER,0.75,0.1,36,0.8611,0.7222,0.035,0.0191,126.4,42,0.8095,0.7143,0.0268,0.0154,85.2,22,52.4,17,77.3,-0.0037
NATGAS/COPPER,NATGAS,COPPER,0.75,0.2,36,0.8611,0.7222,0.035,0.0191,126.4,42,0.8571,0.7857,0.0303,0.0186,89.0,18,42.9,13,72.2,-0.0006
NATGAS/COPPER,NATGAS,COPPER,0.75,0.3,36,0.8611,0.7222,0.035,0.0191,126.4,42,0.8571,0.7619,0.0287,0.0167,91.5,17,40.5,12,70.6,-0.0025
NATGAS/COPPER,NATGAS,COPPER,0.75,0.5,36,0.8611,0.7222,0.035,0.0191,126.4,42,0.8333,0.7143,0.0318,0.0193,95.7,12,28.6,8,66.7,0.0001
NATGAS/COPPER,NATGAS,COPPER,0.75,0.75,36,0.8611,0.7222,0.035,0.0191,126.4,42,0.7381,0.6429,0.0291,0.0164,98.0,10,23.8,6,60.0,-0.0027
NATGAS/COPPER,NATGAS,COPPER,0.5,0.1,36,0.8611,0.7222,0.035,0.0191,126.4,39,0.7692,0.6667,0.0233,0.0104,99.1,20,51.3,16,80.0,-0.0087
NATGAS/COPPER,NATGAS,COPPER,0.5,0.2,36,0.8611,0.7222,0.035,0.0191,126.4,39,0.7949,0.7179,0.0263,0.0133,100.3,16,41.0,14,87.5,-0.0059
NATGAS/COPPER,NATGAS,COPPER,0.5,0.3,36,0.8611,0.7222,0.035,0.0191,126.4,39,0.8205,0.7179,0.0273,0.014,102.5,14,35.9,12,85.7,-0.0051
NATGAS/COPPER,NATGAS,COPPER,0.5,0.5,36,0.8611,0.7222,0.035,0.0191,126.4,39,0.8462,0.7436,0.033,0.0194,106.2,9,23.1,7,77.8,0.0002
NATGAS/COPPER,NATGAS,COPPER,0.5,0.75,36,0.8611,0.7222,0.035,0.0191,126.4,39,0.8718,0.7179,0.0336,0.0195,110.2,7,17.9,5,71.4,0.0004
NATGAS/BRENT,NATGAS,BRENT,1.5,0.1,26,0.8077,0.8077,0.0285,0.0139,114.7,42,0.5952,0.5714,0.0108,0.003,53.4,25,59.5,12,48.0,-0.011
NATGAS/BRENT,NATGAS,BRENT,1.5,0.2,26,0.8077,0.8077,0.0285,0.0139,114.7,42,0.619,0.5952,0.0168,0.0082,60.3,20,47.6,10,50.0,-0.0057
NATGAS/BRENT,NATGAS,BRENT,1.5,0.3,26,0.8077,0.8077,0.0285,0.0139,114.7,42,0.5714,0.5476,0.0164,0.0073,64.3,19,45.2,10,52.6,-0.0066
NATGAS/BRENT,NATGAS,BRENT,1.5,0.5,26,0.8077,0.8077,0.0285,0.0139,114.7,40,0.55,0.55,0.0173,0.0072,74.1,16,40.0,8,50.0,-0.0067
NATGAS/BRENT,NATGAS,BRENT,1.5,0.75,26,0.8077,0.8077,0.0285,0.0139,114.7,36,0.6111,0.6111,0.0147,0.0033,86.0,11,30.6,6,54.5,-0.0107
NATGAS/BRENT,NATGAS,BRENT,1.25,0.1,26,0.8077,0.8077,0.0285,0.0139,114.7,36,0.6389,0.5556,0.0084,0.0002,56.4,23,63.9,11,47.8,-0.0138
NATGAS/BRENT,NATGAS,BRENT,1.25,0.2,26,0.8077,0.8077,0.0285,0.0139,114.7,36,0.5833,0.5556,0.0073,-0.0012,59.0,21,58.3,9,42.9,-0.0152
NATGAS/BRENT,NATGAS,BRENT,1.25,0.3,26,0.8077,0.8077,0.0285,0.0139,114.7,36,0.6111,0.5556,0.0095,0.0004,64.7,19,52.8,8,42.1,-0.0136
NATGAS/BRENT,NATGAS,BRENT,1.25,0.5,26,0.8077,0.8077,0.0285,0.0139,114.7,36,0.6667,0.6667,0.0179,0.007,81.5,12,33.3,5,41.7,-0.007
NATGAS/BRENT,NATGAS,BRENT,1.25,0.75,26,0.8077,0.8077,0.0285,0.0139,114.7,34,0.6471,0.6471,0.0191,0.0075,87.5,10,29.4,3,30.0,-0.0065
NATGAS/BRENT,NATGAS,BRENT,1.0,0.1,26,0.8077,0.8077,0.0285,0.0139,114.7,33,0.6667,0.6364,0.0122,0.0025,69.8,21,63.6,12,57.1,-0.0114
NATGAS/BRENT,NATGAS,BRENT,1.0,0.2,26,0.8077,0.8077,0.0285,0.0139,114.7,33,0.697,0.6667,0.0145,0.0041,76.4,18,54.5,11,61.1,-0.0098
NATGAS/BRENT,NATGAS,BRENT,1.0,0.3,26,0.8077,0.8077,0.0285,0.0139,114.7,33,0.7273,0.6667,0.0165,0.0057,80.2,16,48.5,9,56.2,-0.0083
NATGAS/BRENT,NATGAS,BRENT,1.0,0.5,26,0.8077,0.8077,0.0285,0.0139,114.7,33,0.697,0.6667,0.019,0.0074,87.7,12,36.4,5,41.7,-0.0066
NATGAS/BRENT,NATGAS,BRENT,1.0,0.75,26,0.8077,0.8077,0.0285,0.0139,114.7,33,0.7273,0.7273,0.0235,0.0113,93.0,8,24.2,4,50.0,-0.0027
NATGAS/BRENT,NATGAS,BRENT,0.75,0.1,26,0.8077,0.8077,0.0285,0.0139,114.7,29,0.8276,0.7931,0.0192,0.0074,89.4,13,44.8,9,69.2,-0.0066
NATGAS/BRENT,NATGAS,BRENT,0.75,0.2,26,0.8077,0.8077,0.0285,0.0139,114.7,29,0.7931,0.7931,0.0173,0.0054,90.4,13,44.8,9,69.2,-0.0085
NATGAS/BRENT,NATGAS,BRENT,0.75,0.3,26,0.8077,0.8077,0.0285,0.0139,114.7,29,0.7931,0.7931,0.0176,0.0055,92.7,11,37.9,7,63.6,-0.0085
NATGAS/BRENT,NATGAS,BRENT,0.75,0.5,26,0.8077,0.8077,0.0285,0.0139,114.7,29,0.8276,0.7931,0.0194,0.0067,97.3,9,31.0,6,66.7,-0.0072
NATGAS/BRENT,NATGAS,BRENT,0.75,0.75,26,0.8077,0.8077,0.0285,0.0139,114.7,29,0.7586,0.7241,0.0185,0.0053,101.9,7,24.1,4,57.1,-0.0086
NATGAS/BRENT,NATGAS,BRENT,0.5,0.1,26,0.8077,0.8077,0.0285,0.0139,114.7,27,0.7778,0.7037,0.0161,0.0039,92.8,14,51.9,12,85.7,-0.01
NATGAS/BRENT,NATGAS,BRENT,0.5,0.2,26,0.8077,0.8077,0.0285,0.0139,114.7,27,0.7778,0.7407,0.0169,0.0043,96.9,12,44.4,10,83.3,-0.0096
NATGAS/BRENT,NATGAS,BRENT,0.5,0.3,26,0.8077,0.8077,0.0285,0.0139,114.7,27,0.8148,0.8148,0.019,0.0059,101.0,9,33.3,7,77.8,-0.008
NATGAS/BRENT,NATGAS,BRENT,0.5,0.5,26,0.8077,0.8077,0.0285,0.0139,114.7,27,0.8148,0.8148,0.0187,0.0053,104.2,7,25.9,6,85.7,-0.0086
NATGAS/BRENT,NATGAS,BRENT,0.5,0.75,26,0.8077,0.8077,0.0285,0.0139,114.7,27,0.8148,0.8148,0.0188,0.0052,106.1,5,18.5,5,100.0,-0.0088
NATGAS/COFFEE,NATGAS,COFFEE,1.5,0.1,39,0.7949,0.7692,0.0424,0.027,121.9,69,0.6377,0.5942,0.0214,0.0145,44.7,49,71.0,20,40.8,-0.0125
NATGAS/COFFEE,NATGAS,COFFEE,1.5,0.2,39,0.7949,0.7692,0.0424,0.027,121.9,69,0.6232,0.5362,0.0245,0.0164,56.3,41,59.4,16,39.0,-0.0107
NATGAS/COFFEE,NATGAS,COFFEE,1.5,0.3,39,0.7949,0.7692,0.0424,0.027,121.9,68,0.5882,0.5294,0.023,0.0139,64.5,38,55.9,16,42.1,-0.0131
NATGAS/COFFEE,NATGAS,COFFEE,1.5,0.5,39,0.7949,0.7692,0.0424,0.027,121.9,67,0.5373,0.5224,0.0274,0.0175,72.3,31,46.3,13,41.9,-0.0096
NATGAS/COFFEE,NATGAS,COFFEE,1.5,0.75,39,0.7949,0.7692,0.0424,0.027,121.9,58,0.5517,0.5345,0.0299,0.019,81.6,22,37.9,11,50.0,-0.0081
NATGAS/COFFEE,NATGAS,COFFEE,1.25,0.1,39,0.7949,0.7692,0.0424,0.027,121.9,60,0.7333,0.6167,0.0255,0.018,50.7,42,70.0,18,42.9,-0.0091
NATGAS/COFFEE,NATGAS,COFFEE,1.25,0.2,39,0.7949,0.7692,0.0424,0.027,121.9,60,0.6833,0.5833,0.0248,0.0168,55.2,40,66.7,18,45.0,-0.0103
NATGAS/COFFEE,NATGAS,COFFEE,1.25,0.3,39,0.7949,0.7692,0.0424,0.027,121.9,60,0.6667,0.5833,0.0252,0.0167,59.1,36,60.0,16,44.4,-0.0103
NATGAS/COFFEE,NATGAS,COFFEE,1.25,0.5,39,0.7949,0.7692,0.0424,0.027,121.9,60,0.6167,0.55,0.0255,0.0157,71.0,29,48.3,14,48.3,-0.0114
NATGAS/COFFEE,NATGAS,COFFEE,1.25,0.75,39,0.7949,0.7692,0.0424,0.027,121.9,58,0.5862,0.569,0.0304,0.0194,82.3,21,36.2,12,57.1,-0.0076
NATGAS/COFFEE,NATGAS,COFFEE,1.0,0.1,39,0.7949,0.7692,0.0424,0.027,121.9,53,0.7358,0.6792,0.0281,0.0196,60.0,37,69.8,20,54.1,-0.0075
NATGAS/COFFEE,NATGAS,COFFEE,1.0,0.2,39,0.7949,0.7692,0.0424,0.027,121.9,53,0.717,0.6604,0.0246,0.0158,62.5,36,67.9,19,52.8,-0.0113
NATGAS/COFFEE,NATGAS,COFFEE,1.0,0.3,39,0.7949,0.7692,0.0424,0.027,121.9,53,0.6604,0.6226,0.0246,0.0151,67.8,33,62.3,17,51.5,-0.0119
NATGAS/COFFEE,NATGAS,COFFEE,1.0,0.5,39,0.7949,0.7692,0.0424,0.027,121.9,53,0.6604,0.6038,0.0259,0.016,72.1,28,52.8,14,50.0,-0.011
NATGAS/COFFEE,NATGAS,COFFEE,1.0,0.75,39,0.7949,0.7692,0.0424,0.027,121.9,53,0.6604,0.6038,0.0292,0.0178,85.5,19,35.8,9,47.4,-0.0092
NATGAS/COFFEE,NATGAS,COFFEE,0.75,0.1,39,0.7949,0.7692,0.0424,0.027,121.9,50,0.8,0.76,0.0345,0.0244,74.1,29,58.0,17,58.6,-0.0027
NATGAS/COFFEE,NATGAS,COFFEE,0.75,0.2,39,0.7949,0.7692,0.0424,0.027,121.9,50,0.8,0.72,0.0318,0.0215,75.9,27,54.0,15,55.6,-0.0055
NATGAS/COFFEE,NATGAS,COFFEE,0.75,0.3,39,0.7949,0.7692,0.0424,0.027,121.9,50,0.76,0.68,0.034,0.0235,77.3,24,48.0,13,54.2,-0.0035
NATGAS/COFFEE,NATGAS,COFFEE,0.75,0.5,39,0.7949,0.7692,0.0424,0.027,121.9,50,0.68,0.66,0.031,0.0199,82.8,21,42.0,11,52.4,-0.0071
NATGAS/COFFEE,NATGAS,COFFEE,0.75,0.75,39,0.7949,0.7692,0.0424,0.027,121.9,50,0.7,0.66,0.0318,0.0203,86.7,18,36.0,10,55.6,-0.0067
NATGAS/COFFEE,NATGAS,COFFEE,0.5,0.1,39,0.7949,0.7692,0.0424,0.027,121.9,46,0.8261,0.7826,0.0395,0.0285,82.2,25,54.3,13,52.0,0.0015
NATGAS/COFFEE,NATGAS,COFFEE,0.5,0.2,39,0.7949,0.7692,0.0424,0.027,121.9,46,0.8043,0.7391,0.0375,0.0263,83.4,24,52.2,13,54.2,-0.0007
NATGAS/COFFEE,NATGAS,COFFEE,0.5,0.3,39,0.7949,0.7692,0.0424,0.027,121.9,46,0.8043,0.7391,0.0369,0.0256,85.1,22,47.8,13,59.1,-0.0014
NATGAS/COFFEE,NATGAS,COFFEE,0.5,0.5,39,0.7949,0.7692,0.0424,0.027,121.9,46,0.7609,0.7174,0.0375,0.0259,88.0,18,39.1,11,61.1,-0.0012
NATGAS/COFFEE,NATGAS,COFFEE,0.5,0.75,39,0.7949,0.7692,0.0424,0.027,121.9,46,0.7174,0.6957,0.0356,0.0237,90.9,15,32.6,8,53.3,-0.0034
NATGAS/SUGAR,NATGAS,SUGAR,1.5,0.1,35,0.8,0.6571,0.0248,0.007,144.5,62,0.5323,0.4839,0.0037,-0.0053,63.4,44,71.0,18,40.9,-0.0123
NATGAS/SUGAR,NATGAS,SUGAR,1.5,0.2,35,0.8,0.6571,0.0248,0.007,144.5,62,0.5806,0.5161,0.0098,-0.0002,72.8,37,59.7,16,43.2,-0.0072
NATGAS/SUGAR,NATGAS,SUGAR,1.5,0.3,35,0.8,0.6571,0.0248,0.007,144.5,58,0.569,0.5172,0.0079,-0.0031,82.8,31,53.4,15,48.4,-0.0101
NATGAS/SUGAR,NATGAS,SUGAR,1.5,0.5,35,0.8,0.6571,0.0248,0.007,144.5,55,0.5636,0.4909,0.0115,0.0003,83.9,26,47.3,13,50.0,-0.0067
NATGAS/SUGAR,NATGAS,SUGAR,1.5,0.75,35,0.8,0.6571,0.0248,0.007,144.5,53,0.5849,0.4717,0.0151,0.0025,96.7,19,35.8,11,57.9,-0.0045
NATGAS/SUGAR,NATGAS,SUGAR,1.25,0.1,35,0.8,0.6571,0.0248,0.007,144.5,56,0.625,0.5179,0.009,0.0002,62.2,38,67.9,20,52.6,-0.0068
NATGAS/SUGAR,NATGAS,SUGAR,1.25,0.2,35,0.8,0.6571,0.0248,0.007,144.5,55,0.5273,0.4727,0.0101,0.0001,73.2,34,61.8,17,50.0,-0.0069
NATGAS/SUGAR,NATGAS,SUGAR,1.25,0.3,35,0.8,0.6571,0.0248,0.007,144.5,55,0.5455,0.4909,0.0065,-0.004,78.1,33,60.0,17,51.5,-0.011
NATGAS/SUGAR,NATGAS,SUGAR,1.25,0.5,35,0.8,0.6571,0.0248,0.007,144.5,54,0.5926,0.537,0.0138,0.0022,87.3,25,46.3,12,48.0,-0.0048
NATGAS/SUGAR,NATGAS,SUGAR,1.25,0.75,35,0.8,0.6571,0.0248,0.007,144.5,51,0.6078,0.5098,0.0155,0.0032,94.1,20,39.2,9,45.0,-0.0038
NATGAS/SUGAR,NATGAS,SUGAR,1.0,0.1,35,0.8,0.6571,0.0248,0.007,144.5,52,0.7115,0.6538,0.0178,0.0081,70.2,32,61.5,16,50.0,0.0011
NATGAS/SUGAR,NATGAS,SUGAR,1.0,0.2,35,0.8,0.6571,0.0248,0.007,144.5,52,0.7308,0.6346,0.0167,0.0061,78.0,29,55.8,15,51.7,-0.0009
NATGAS/SUGAR,NATGAS,SUGAR,1.0,0.3,35,0.8,0.6571,0.0248,0.007,144.5,52,0.6731,0.5577,0.0152,0.0041,83.1,27,51.9,15,55.6,-0.0029
NATGAS/SUGAR,NATGAS,SUGAR,1.0,0.5,35,0.8,0.6571,0.0248,0.007,144.5,51,0.5882,0.5098,0.0159,0.0037,92.9,23,45.1,11,47.8,-0.0033
NATGAS/SUGAR,NATGAS,SUGAR,1.0,0.75,35,0.8,0.6571,0.0248,0.007,144.5,50,0.66,0.6,0.0218,0.0089,100.0,17,34.0,8,47.1,0.0019
NATGAS/SUGAR,NATGAS,SUGAR,0.75,0.1,35,0.8,0.6571,0.0248,0.007,144.5,44,0.7045,0.6591,0.016,0.0031,99.5,25,56.8,16,64.0,-0.004
NATGAS/SUGAR,NATGAS,SUGAR,0.75,0.2,35,0.8,0.6571,0.0248,0.007,144.5,44,0.7045,0.6591,0.0147,0.0015,102.0,23,52.3,15,65.2,-0.0055
NATGAS/SUGAR,NATGAS,SUGAR,0.75,0.3,35,0.8,0.6571,0.0248,0.007,144.5,44,0.7045,0.6136,0.015,0.0013,106.6,18,40.9,13,72.2,-0.0057
NATGAS/SUGAR,NATGAS,SUGAR,0.75,0.5,35,0.8,0.6571,0.0248,0.007,144.5,44,0.7045,0.5909,0.0165,0.0023,111.5,14,31.8,10,71.4,-0.0047
NATGAS/SUGAR,NATGAS,SUGAR,0.75,0.75,35,0.8,0.6571,0.0248,0.007,144.5,44,0.6818,0.5682,0.0166,0.0019,115.7,12,27.3,8,66.7,-0.0051
NATGAS/SUGAR,NATGAS,SUGAR,0.5,0.1,35,0.8,0.6571,0.0248,0.007,144.5,39,0.6667,0.5897,0.0146,-0.0008,122.1,19,48.7,14,73.7,-0.0078
NATGAS/SUGAR,NATGAS,SUGAR,0.5,0.2,35,0.8,0.6571,0.0248,0.007,144.5,39,0.641,0.5897,0.014,-0.0015,123.3,17,43.6,13,76.5,-0.0085
NATGAS/SUGAR,NATGAS,SUGAR,0.5,0.3,35,0.8,0.6571,0.0248,0.007,144.5,39,0.6667,0.6154,0.0147,-0.001,124.9,15,38.5,11,73.3,-0.008
NATGAS/SUGAR,NATGAS,SUGAR,0.5,0.5,35,0.8,0.6571,0.0248,0.007,144.5,39,0.6923,0.6154,0.0168,0.0008,128.2,9,23.1,7,77.8,-0.0062
NATGAS/SUGAR,NATGAS,SUGAR,0.5,0.75,35,0.8,0.6571,0.0248,0.007,144.5,39,0.7692,0.6154,0.0232,0.0066,132.9,4,10.3,3,75.0,-0.0004
NATGAS/SOYBEANS,NATGAS,SOYBEANS,1.5,0.1,31,0.7097,0.6129,0.001,-0.0177,151.7,54,0.5556,0.4815,-0.0045,-0.0136,65.1,36,66.7,12,33.3,0.004
NATGAS/SOYBEANS,NATGAS,SOYBEANS,1.5,0.2,31,0.7097,0.6129,0.001,-0.0177,151.7,53,0.4906,0.4528,-0.004,-0.014,72.6,32,60.4,12,37.5,0.0037
NATGAS/SOYBEANS,NATGAS,SOYBEANS,1.5,0.3,31,0.7097,0.6129,0.001,-0.0177,151.7,52,0.4808,0.4423,-0.0039,-0.0145,77.9,30,57.7,12,40.0,0.0032
NATGAS/SOYBEANS,NATGAS,SOYBEANS,1.5,0.5,31,0.7097,0.6129,0.001,-0.0177,151.7,50,0.54,0.52,0.0099,-0.0021,91.5,20,40.0,8,40.0,0.0155
NATGAS/SOYBEANS,NATGAS,SOYBEANS,1.5,0.75,31,0.7097,0.6129,0.001,-0.0177,151.7,44,0.5455,0.5227,0.0054,-0.0085,108.5,13,29.5,6,46.2,0.0092
NATGAS/SOYBEANS,NATGAS,SOYBEANS,1.25,0.1,31,0.7097,0.6129,0.001,-0.0177,151.7,44,0.6364,0.5682,0.0013,-0.0102,86.9,25,56.8,10,40.0,0.0074
NATGAS/SOYBEANS,NATGAS,SOYBEANS,1.25,0.2,31,0.7097,0.6129,0.001,-0.0177,151.7,44,0.6136,0.5909,0.0025,-0.0094,90.0,23,52.3,9,39.1,0.0083
NATGAS/SOYBEANS,NATGAS,SOYBEANS,1.25,0.3,31,0.7097,0.6129,0.001,-0.0177,151.7,44,0.6136,0.5682,-0.0019,-0.0139,91.2,23,52.3,9,39.1,0.0037
NATGAS/SOYBEANS,NATGAS,SOYBEANS,1.25,0.5,31,0.7097,0.6129,0.001,-0.0177,151.7,42,0.5,0.4762,-0.0051,-0.0185,104.0,18,42.9,8,44.4,-0.0009
NATGAS/SOYBEANS,NATGAS,SOYBEANS,1.25,0.75,31,0.7097,0.6129,0.001,-0.0177,151.7,41,0.5854,0.561,0.0102,-0.004,111.2,11,26.8,4,36.4,0.0136
NATGAS/SOYBEANS,NATGAS,SOYBEANS,1.0,0.1,31,0.7097,0.6129,0.001,-0.0177,151.7,39,0.5897,0.5385,-0.0042,-0.0163,92.4,23,59.0,11,47.8,0.0014
NATGAS/SOYBEANS,NATGAS,SOYBEANS,1.0,0.2,31,0.7097,0.6129,0.001,-0.0177,151.7,39,0.641,0.5641,-0.0021,-0.0148,97.2,20,51.3,10,50.0,0.0029
NATGAS/SOYBEANS,NATGAS,SOYBEANS,1.0,0.3,31,0.7097,0.6129,0.001,-0.0177,151.7,39,0.641,0.5897,0.0004,-0.0129,103.5,17,43.6,9,52.9,0.0047
NATGAS/SOYBEANS,NATGAS,SOYBEANS,1.0,0.5,31,0.7097,0.6129,0.001,-0.0177,151.7,39,0.641,0.5897,0.0043,-0.0097,109.2,13,33.3,6,46.2,0.008
NATGAS/SOYBEANS,NATGAS,SOYBEANS,1.0,0.75,31,0.7097,0.6129,0.001,-0.0177,151.7,39,0.5641,0.5385,0.0052,-0.0093,114.0,11,28.2,5,45.5,0.0084
NATGAS/SOYBEANS,NATGAS,SOYBEANS,0.75,0.1,31,0.7097,0.6129,0.001,-0.0177,151.7,36,0.6389,0.6111,-0.0061,-0.0202,110.6,19,52.8,9,47.4,-0.0026
NATGAS/SOYBEANS,NATGAS,SOYBEANS,0.75,0.2,31,0.7097,0.6129,0.001,-0.0177,151.7,36,0.6667,0.5833,-0.0067,-0.0213,115.3,17,47.2,8,47.1,-0.0037
NATGAS/SOYBEANS,NATGAS,SOYBEANS,0.75,0.3,31,0.7097,0.6129,0.001,-0.0177,151.7,36,0.6667,0.5556,-0.006,-0.0212,120.8,15,41.7,8,53.3,-0.0036
NATGAS/SOYBEANS,NATGAS,SOYBEANS,0.75,0.5,31,0.7097,0.6129,0.001,-0.0177,151.7,36,0.6667,0.6111,0.0043,-0.0113,124.4,9,25.0,5,55.6,0.0064
NATGAS/SOYBEANS,NATGAS,SOYBEANS,0.75,0.75,31,0.7097,0.6129,0.001,-0.0177,151.7,36,0.6389,0.6111,0.0077,-0.0086,130.1,6,16.7,3,50.0,0.0091
NATGAS/SOYBEANS,NATGAS,SOYBEANS,0.5,0.1,31,0.7097,0.6129,0.001,-0.0177,151.7,35,0.6857,0.6,-0.0029,-0.0177,116.4,18,51.4,10,55.6,-0.0
NATGAS/SOYBEANS,NATGAS,SOYBEANS,0.5,0.2,31,0.7097,0.6129,0.001,-0.0177,151.7,35,0.6857,0.5714,-0.0021,-0.0171,118.5,16,45.7,8,50.0,0.0005
NATGAS/SOYBEANS,NATGAS,SOYBEANS,0.5,0.3,31,0.7097,0.6129,0.001,-0.0177,151.7,35,0.6857,0.5714,-0.0048,-0.0202,121.6,13,37.1,7,53.8,-0.0025
NATGAS/SOYBEANS,NATGAS,SOYBEANS,0.5,0.5,31,0.7097,0.6129,0.001,-0.0177,151.7,35,0.7143,0.6,-0.0029,-0.0189,128.1,9,25.7,5,55.6,-0.0013
NATGAS/SOYBEANS,NATGAS,SOYBEANS,0.5,0.75,31,0.7097,0.6129,0.001,-0.0177,151.7,35,0.6857,0.6286,0.0031,-0.0131,129.4,6,17.1,4,66.7,0.0046
SILVER/COFFEE,SILVER,COFFEE,1.5,0.1,46,0.913,0.8696,0.0428,0.0301,97.5,74,0.7027,0.5946,0.0101,0.0027,49.2,45,60.8,28,62.2,-0.0274
SILVER/COFFEE,SILVER,COFFEE,1.5,0.2,46,0.913,0.8696,0.0428,0.0301,97.5,74,0.7162,0.5676,0.0103,0.0023,54.4,42,56.8,26,61.9,-0.0278
SILVER/COFFEE,SILVER,COFFEE,1.5,0.3,46,0.913,0.8696,0.0428,0.0301,97.5,72,0.6667,0.5556,0.0187,0.0105,56.7,36,50.0,21,58.3,-0.0196
SILVER/COFFEE,SILVER,COFFEE,1.5,0.5,46,0.913,0.8696,0.0428,0.0301,97.5,69,0.6087,0.5652,0.023,0.0138,65.5,28,40.6,18,64.3,-0.0163
SILVER/COFFEE,SILVER,COFFEE,1.5,0.75,46,0.913,0.8696,0.0428,0.0301,97.5,61,0.7049,0.6721,0.0321,0.0219,74.9,16,26.2,12,75.0,-0.0082
SILVER/COFFEE,SILVER,COFFEE,1.25,0.1,46,0.913,0.8696,0.0428,0.0301,97.5,63,0.7778,0.7143,0.0111,0.0041,45.9,43,68.3,27,62.8,-0.026
SILVER/COFFEE,SILVER,COFFEE,1.25,0.2,46,0.913,0.8696,0.0428,0.0301,97.5,63,0.7937,0.746,0.0106,0.0033,48.1,40,63.5,26,65.0,-0.0268
SILVER/COFFEE,SILVER,COFFEE,1.25,0.3,46,0.913,0.8696,0.0428,0.0301,97.5,62,0.7742,0.7097,0.0184,0.0099,59.5,31,50.0,23,74.2,-0.0202
SILVER/COFFEE,SILVER,COFFEE,1.25,0.5,46,0.913,0.8696,0.0428,0.0301,97.5,62,0.7097,0.6613,0.0244,0.0151,66.9,24,38.7,19,79.2,-0.0151
SILVER/COFFEE,SILVER,COFFEE,1.25,0.75,46,0.913,0.8696,0.0428,0.0301,97.5,61,0.6721,0.6557,0.0299,0.02,72.7,18,29.5,14,77.8,-0.0102
SILVER/COFFEE,SILVER,COFFEE,1.0,0.1,46,0.913,0.8696,0.0428,0.0301,97.5,60,0.8667,0.8167,0.0289,0.0209,55.2,33,55.0,26,78.8,-0.0093
SILVER/COFFEE,SILVER,COFFEE,1.0,0.2,46,0.913,0.8696,0.0428,0.0301,97.5,60,0.85,0.8167,0.0307,0.0223,58.0,30,50.0,23,76.7,-0.0078
SILVER/COFFEE,SILVER,COFFEE,1.0,0.3,46,0.913,0.8696,0.0428,0.0301,97.5,60,0.8333,0.7667,0.0287,0.0201,60.2,28,46.7,21,75.0,-0.01
SILVER/COFFEE,SILVER,COFFEE,1.0,0.5,46,0.913,0.8696,0.0428,0.0301,97.5,59,0.8136,0.7288,0.0248,0.0159,63.8,26,44.1,21,80.8,-0.0143
SILVER/COFFEE,SILVER,COFFEE,1.0,0.75,46,0.913,0.8696,0.0428,0.0301,97.5,59,0.7119,0.6949,0.031,0.0209,74.0,17,28.8,15,88.2,-0.0093
SILVER/COFFEE,SILVER,COFFEE,0.75,0.1,46,0.913,0.8696,0.0428,0.0301,97.5,52,0.8462,0.8269,0.0287,0.0194,66.1,26,50.0,20,76.9,-0.0107
SILVER/COFFEE,SILVER,COFFEE,0.75,0.2,46,0.913,0.8696,0.0428,0.0301,97.5,52,0.8462,0.8077,0.0289,0.0195,67.5,24,46.2,19,79.2,-0.0106
SILVER/COFFEE,SILVER,COFFEE,0.75,0.3,46,0.913,0.8696,0.0428,0.0301,97.5,52,0.8654,0.8269,0.0298,0.0202,69.4,22,42.3,17,77.3,-0.0099
SILVER/COFFEE,SILVER,COFFEE,0.75,0.5,46,0.913,0.8696,0.0428,0.0301,97.5,52,0.8654,0.8269,0.0306,0.0206,72.6,18,34.6,13,72.2,-0.0095
SILVER/COFFEE,SILVER,COFFEE,0.75,0.75,46,0.913,0.8696,0.0428,0.0301,97.5,51,0.8627,0.7843,0.0268,0.0164,77.0,16,31.4,12,75.0,-0.0137
SILVER/COFFEE,SILVER,COFFEE,0.5,0.1,46,0.913,0.8696,0.0428,0.0301,97.5,48,0.8542,0.8125,0.0307,0.0202,78.3,18,37.5,14,77.8,-0.01
SILVER/COFFEE,SILVER,COFFEE,0.5,0.2,46,0.913,0.8696,0.0428,0.0301,97.5,48,0.8542,0.8125,0.0313,0.0207,78.8,16,33.3,13,81.2,-0.0094
SILVER/COFFEE,SILVER,COFFEE,0.5,0.3,46,0.913,0.8696,0.0428,0.0301,97.5,48,0.8542,0.8125,0.0306,0.0196,81.9,15,31.2,12,80.0,-0.0105
SILVER/COFFEE,SILVER,COFFEE,0.5,0.5,46,0.913,0.8696,0.0428,0.0301,97.5,48,0.875,0.8125,0.0309,0.0196,84.5,13,27.1,11,84.6,-0.0105
SILVER/COFFEE,SILVER,COFFEE,0.5,0.75,46,0.913,0.8696,0.0428,0.0301,97.5,48,0.875,0.8333,0.0335,0.022,86.9,9,18.8,7,77.8,-0.0081
WHEAT/BRENT,WHEAT,BRENT,1.5,0.1,31,0.871,0.8387,0.0497,0.0369,98.6,39,0.6923,0.6923,0.0102,0.0021,55.7,22,56.4,14,63.6,-0.0349
WHEAT/BRENT,WHEAT,BRENT,1.5,0.2,31,0.871,0.8387,0.0497,0.0369,98.6,38,0.6842,0.6579,0.0153,0.0065,61.8,18,47.4,13,72.2,-0.0304
WHEAT/BRENT,WHEAT,BRENT,1.5,0.3,31,0.871,0.8387,0.0497,0.0369,98.6,38,0.7368,0.6579,0.0262,0.0163,71.7,13,34.2,9,69.2,-0.0206
WHEAT/BRENT,WHEAT,BRENT,1.5,0.5,31,0.871,0.8387,0.0497,0.0369,98.6,36,0.7222,0.6944,0.0381,0.0271,82.6,7,19.4,5,71.4,-0.0098
WHEAT/BRENT,WHEAT,BRENT,1.5,0.75,31,0.871,0.8387,0.0497,0.0369,98.6,35,0.8,0.7714,0.0464,0.0349,87.3,4,11.4,3,75.0,-0.002
WHEAT/BRENT,WHEAT,BRENT,1.25,0.1,31,0.871,0.8387,0.0497,0.0369,98.6,33,0.697,0.6061,0.0088,0.0003,59.4,19,57.6,15,78.9,-0.0367
WHEAT/BRENT,WHEAT,BRENT,1.25,0.2,31,0.871,0.8387,0.0497,0.0369,98.6,33,0.7273,0.6667,0.0213,0.0114,72.8,13,39.4,11,84.6,-0.0255
WHEAT/BRENT,WHEAT,BRENT,1.25,0.3,31,0.871,0.8387,0.0497,0.0369,98.6,33,0.7576,0.697,0.0296,0.0188,80.1,10,30.3,8,80.0,-0.0181
WHEAT/BRENT,WHEAT,BRENT,1.25,0.5,31,0.871,0.8387,0.0497,0.0369,98.6,33,0.8182,0.7273,0.038,0.0266,85.8,7,21.2,6,85.7,-0.0103
WHEAT/BRENT,WHEAT,BRENT,1.25,0.75,31,0.871,0.8387,0.0497,0.0369,98.6,33,0.8182,0.7879,0.0473,0.0351,92.6,2,6.1,2,100.0,-0.0018
WHEAT/BRENT,WHEAT,BRENT,1.0,0.1,31,0.871,0.8387,0.0497,0.0369,98.6,33,0.7576,0.7273,0.0196,0.0108,61.6,20,60.6,17,85.0,-0.0261
WHEAT/BRENT,WHEAT,BRENT,1.0,0.2,31,0.871,0.8387,0.0497,0.0369,98.6,33,0.7576,0.6667,0.0214,0.0124,63.8,17,51.5,14,82.4,-0.0245
WHEAT/BRENT,WHEAT,BRENT,1.0,0.3,31,0.871,0.8387,0.0497,0.0369,98.6,33,0.7273,0.6667,0.0203,0.0111,65.8,16,48.5,13,81.2,-0.0258
WHEAT/BRENT,WHEAT,BRENT,1.0,0.5,31,0.871,0.8387,0.0497,0.0369,98.6,33,0.7879,0.7273,0.0345,0.0238,79.7,9,27.3,8,88.9,-0.0131
WHEAT/BRENT,WHEAT,BRENT,1.0,0.75,31,0.871,0.8387,0.0497,0.0369,98.6,33,0.8182,0.7273,0.038,0.0266,85.8,7,21.2,6,85.7,-0.0103
WHEAT/BRENT,WHEAT,BRENT,0.75,0.1,31,0.871,0.8387,0.0497,0.0369,98.6,32,0.7812,0.7812,0.02,0.0101,72.8,20,62.5,17,85.0,-0.0268
WHEAT/BRENT,WHEAT,BRENT,0.75,0.2,31,0.871,0.8387,0.0497,0.0369,98.6,32,0.8125,0.8125,0.0197,0.0095,74.3,19,59.4,16,84.2,-0.0274
WHEAT/BRENT,WHEAT,BRENT,0.75,0.3,31,0.871,0.8387,0.0497,0.0369,98.6,32,0.8125,0.7812,0.0176,0.007,78.3,17,53.1,15,88.2,-0.0299
WHEAT/BRENT,WHEAT,BRENT,0.75,0.5,31,0.871,0.8387,0.0497,0.0369,98.6,32,0.8125,0.75,0.0294,0.0181,84.6,11,34.4,10,90.9,-0.0188
WHEAT/BRENT,WHEAT,BRENT,0.75,0.75,31,0.871,0.8387,0.0497,0.0369,98.6,32,0.8125,0.7812,0.0376,0.0258,90.1,6,18.8,6,100.0,-0.0111
WHEAT/BRENT,WHEAT,BRENT,0.5,0.1,31,0.871,0.8387,0.0497,0.0369,98.6,32,0.8438,0.8125,0.0342,0.0243,72.9,17,53.1,14,82.4,-0.0127
WHEAT/BRENT,WHEAT,BRENT,0.5,0.2,31,0.871,0.8387,0.0497,0.0369,98.6,32,0.8438,0.8125,0.0323,0.0221,74.9,16,50.0,13,81.2,-0.0148
WHEAT/BRENT,WHEAT,BRENT,0.5,0.3,31,0.871,0.8387,0.0497,0.0369,98.6,32,0.8438,0.8125,0.0318,0.0212,78.2,14,43.8,11,78.6,-0.0157
WHEAT/BRENT,WHEAT,BRENT,0.5,0.5,31,0.871,0.8387,0.0497,0.0369,98.6,32,0.875,0.8438,0.0308,0.0196,84.2,12,37.5,9,75.0,-0.0173
WHEAT/BRENT,WHEAT,BRENT,0.5,0.75,31,0.871,0.8387,0.0497,0.0369,98.6,32,0.8438,0.7812,0.0377,0.0257,90.8,7,21.9,6,85.7,-0.0112
SOYBEANS/WHEAT,SOYBEANS,WHEAT,1.5,0.1,38,0.8684,0.7895,0.0362,0.022,111.1,65,0.6769,0.6462,0.0104,0.0036,44.1,45,69.2,19,42.2,-0.0184
SOYBEANS/WHEAT,SOYBEANS,WHEAT,1.5,0.2,38,0.8684,0.7895,0.0362,0.022,111.1,65,0.5846,0.5231,0.013,0.0055,51.0,41,63.1,17,41.5,-0.0166
SOYBEANS/WHEAT,SOYBEANS,WHEAT,1.5,0.3,38,0.8684,0.7895,0.0362,0.022,111.1,63,0.5238,0.4444,0.0147,0.0066,56.2,36,57.1,14,38.9,-0.0155
SOYBEANS/WHEAT,SOYBEANS,WHEAT,1.5,0.5,38,0.8684,0.7895,0.0362,0.022,111.1,60,0.5667,0.5167,0.0243,0.0144,71.8,25,41.7,12,48.0,-0.0076
SOYBEANS/WHEAT,SOYBEANS,WHEAT,1.5,0.75,38,0.8684,0.7895,0.0362,0.022,111.1,54,0.6296,0.6296,0.0288,0.0178,82.1,17,31.5,10,58.8,-0.0042
SOYBEANS/WHEAT,SOYBEANS,WHEAT,1.25,0.1,38,0.8684,0.7895,0.0362,0.022,111.1,56,0.75,0.7143,0.0157,0.0075,56.4,36,64.3,17,47.2,-0.0145
SOYBEANS/WHEAT,SOYBEANS,WHEAT,1.25,0.2,38,0.8684,0.7895,0.0362,0.022,111.1,56,0.6964,0.6429,0.0184,0.0097,61.5,32,57.1,16,50.0,-0.0124
SOYBEANS/WHEAT,SOYBEANS,WHEAT,1.25,0.3,38,0.8684,0.7895,0.0362,0.022,111.1,56,0.6607,0.5893,0.0179,0.0087,66.0,30,53.6,15,50.0,-0.0134
SOYBEANS/WHEAT,SOYBEANS,WHEAT,1.25,0.5,38,0.8684,0.7895,0.0362,0.022,111.1,56,0.6607,0.5893,0.0252,0.0155,70.1,23,41.1,11,47.8,-0.0065
SOYBEANS/WHEAT,SOYBEANS,WHEAT,1.25,0.75,38,0.8684,0.7895,0.0362,0.022,111.1,54,0.6296,0.5741,0.028,0.0171,81.2,18,33.3,9,50.0,-0.005
SOYBEANS/WHEAT,SOYBEANS,WHEAT,1.0,0.1,38,0.8684,0.7895,0.0362,0.022,111.1,53,0.7736,0.7358,0.0225,0.0137,61.7,30,56.6,14,46.7,-0.0083
SOYBEANS/WHEAT,SOYBEANS,WHEAT,1.0,0.2,38,0.8684,0.7895,0.0362,0.022,111.1,53,0.7925,0.7358,0.0286,0.0191,67.9,25,47.2,12,48.0,-0.0029
SOYBEANS/WHEAT,SOYBEANS,WHEAT,1.0,0.3,38,0.8684,0.7895,0.0362,0.022,111.1,53,0.7547,0.6981,0.0251,0.0156,68.6,25,47.2,12,48.0,-0.0064
SOYBEANS/WHEAT,SOYBEANS,WHEAT,1.0,0.5,38,0.8684,0.7895,0.0362,0.022,111.1,53,0.6604,0.6415,0.0219,0.0119,72.6,24,45.3,12,50.0,-0.0101
SOYBEANS/WHEAT,SOYBEANS,WHEAT,1.0,0.75,38,0.8684,0.7895,0.0362,0.022,111.1,53,0.6981,0.6226,0.0301,0.0194,79.3,17,32.1,9,52.9,-0.0026
SOYBEANS/WHEAT,SOYBEANS,WHEAT,0.75,0.1,38,0.8684,0.7895,0.0362,0.022,111.1,49,0.7755,0.7551,0.0247,0.0155,65.9,31,63.3,18,58.1,-0.0066
SOYBEANS/WHEAT,SOYBEANS,WHEAT,0.75,0.2,38,0.8684,0.7895,0.0362,0.022,111.1,49,0.7551,0.7551,0.0259,0.0161,70.8,26,53.1,14,53.8,-0.0059
SOYBEANS/WHEAT,SOYBEANS,WHEAT,0.75,0.3,38,0.8684,0.7895,0.0362,0.022,111.1,49,0.7551,0.6939,0.0244,0.0144,72.8,25,51.0,13,52.0,-0.0076
SOYBEANS/WHEAT,SOYBEANS,WHEAT,0.75,0.5,38,0.8684,0.7895,0.0362,0.022,111.1,49,0.7959,0.6939,0.0284,0.0176,80.1,19,38.8,10,52.6,-0.0045
SOYBEANS/WHEAT,SOYBEANS,WHEAT,0.75,0.75,38,0.8684,0.7895,0.0362,0.022,111.1,49,0.7143,0.6735,0.0256,0.0145,82.5,18,36.7,10,55.6,-0.0075
SOYBEANS/WHEAT,SOYBEANS,WHEAT,0.5,0.1,38,0.8684,0.7895,0.0362,0.022,111.1,41,0.8537,0.8049,0.03,0.0186,86.4,15,36.6,12,80.0,-0.0035
SOYBEANS/WHEAT,SOYBEANS,WHEAT,0.5,0.2,38,0.8684,0.7895,0.0362,0.022,111.1,41,0.8293,0.7805,0.029,0.0175,87.4,14,34.1,11,78.6,-0.0046
SOYBEANS/WHEAT,SOYBEANS,WHEAT,0.5,0.3,38,0.8684,0.7895,0.0362,0.022,111.1,41,0.8049,0.7561,0.0281,0.0164,88.4,13,31.7,10,76.9,-0.0056
SOYBEANS/WHEAT,SOYBEANS,WHEAT,0.5,0.5,38,0.8684,0.7895,0.0362,0.022,111.1,41,0.7805,0.7073,0.026,0.0139,91.5,11,26.8,8,72.7,-0.0081
SOYBEANS/WHEAT,SOYBEANS,WHEAT,0.5,0.75,38,0.8684,0.7895,0.0362,0.022,111.1,41,0.8293,0.7561,0.0282,0.0159,94.1,8,19.5,5,62.5,-0.0061
SOYBEANS/PLATINUM,SOYBEANS,PLATINUM,1.5,0.1,28,0.75,0.6786,0.0193,0.0019,140.8,56,0.625,0.5536,0.002,-0.0053,48.4,43,76.8,17,39.5,-0.0072
SOYBEANS/PLATINUM,SOYBEANS,PLATINUM,1.5,0.2,28,0.75,0.6786,0.0193,0.0019,140.8,56,0.5179,0.4643,0.0017,-0.006,52.4,41,73.2,16,39.0,-0.0079
SOYBEANS/PLATINUM,SOYBEANS,PLATINUM,1.5,0.3,28,0.75,0.6786,0.0193,0.0019,140.8,56,0.4821,0.4107,0.0069,-0.0017,60.0,37,66.1,14,37.8,-0.0036
SOYBEANS/PLATINUM,SOYBEANS,PLATINUM,1.5,0.5,28,0.75,0.6786,0.0193,0.0019,140.8,52,0.4808,0.4615,0.0087,-0.0013,73.6,28,53.8,11,39.3,-0.0032
SOYBEANS/PLATINUM,SOYBEANS,PLATINUM,1.5,0.75,28,0.75,0.6786,0.0193,0.0019,140.8,47,0.5319,0.4681,0.0092,-0.0025,87.9,20,42.6,9,45.0,-0.0043
SOYBEANS/PLATINUM,SOYBEANS,PLATINUM,1.25,0.1,28,0.75,0.6786,0.0193,0.0019,140.8,39,0.6667,0.641,0.0008,-0.0087,68.7,26,66.7,14,53.8,-0.0106
SOYBEANS/PLATINUM,SOYBEANS,PLATINUM,1.25,0.2,28,0.75,0.6786,0.0193,0.0019,140.8,39,0.641,0.6154,0.0008,-0.0094,75.5,24,61.5,14,58.3,-0.0113
SOYBEANS/PLATINUM,SOYBEANS,PLATINUM,1.25,0.3,28,0.75,0.6786,0.0193,0.0019,140.8,39,0.5641,0.4872,-0.0029,-0.0135,78.3,23,59.0,14,60.9,-0.0154
SOYBEANS/PLATINUM,SOYBEANS,PLATINUM,1.25,0.5,28,0.75,0.6786,0.0193,0.0019,140.8,39,0.4615,0.4359,-0.002,-0.0131,82.6,19,48.7,11,57.9,-0.0149
SOYBEANS/PLATINUM,SOYBEANS,PLATINUM,1.25,0.75,28,0.75,0.6786,0.0193,0.0019,140.8,38,0.5789,0.5263,0.0102,-0.0032,104.7,12,31.6,6,50.0,-0.0051
SOYBEANS/PLATINUM,SOYBEANS,PLATINUM,1.0,0.1,28,0.75,0.6786,0.0193,0.0019,140.8,36,0.7222,0.7222,0.0059,-0.005,81.6,20,55.6,13,65.0,-0.0069
SOYBEANS/PLATINUM,SOYBEANS,PLATINUM,1.0,0.2,28,0.75,0.6786,0.0193,0.0019,140.8,36,0.6944,0.6944,0.0062,-0.0051,85.2,18,50.0,12,66.7,-0.007
SOYBEANS/PLATINUM,SOYBEANS,PLATINUM,1.0,0.3,28,0.75,0.6786,0.0193,0.0019,140.8,36,0.6667,0.6667,0.0057,-0.0066,93.4,16,44.4,12,75.0,-0.0084
SOYBEANS/PLATINUM,SOYBEANS,PLATINUM,1.0,0.5,28,0.75,0.6786,0.0193,0.0019,140.8,36,0.6111,0.5278,0.0056,-0.0073,99.3,13,36.1,10,76.9,-0.0091
SOYBEANS/PLATINUM,SOYBEANS,PLATINUM,1.0,0.75,28,0.75,0.6786,0.0193,0.0019,140.8,36,0.6111,0.5556,0.0095,-0.0039,104.8,11,30.6,8,72.7,-0.0058
SOYBEANS/PLATINUM,SOYBEANS,PLATINUM,0.75,0.1,28,0.75,0.6786,0.0193,0.0019,140.8,35,0.7429,0.7143,0.0163,0.0033,101.0,16,45.7,11,68.8,0.0014
SOYBEANS/PLATINUM,SOYBEANS,PLATINUM,0.75,0.2,28,0.75,0.6786,0.0193,0.0019,140.8,35,0.7429,0.7143,0.0152,0.0021,101.4,15,42.9,10,66.7,0.0002
SOYBEANS/PLATINUM,SOYBEANS,PLATINUM,0.75,0.3,28,0.75,0.6786,0.0193,0.0019,140.8,34,0.7353,0.7059,0.0176,0.0044,102.7,12,35.3,8,66.7,0.0025
SOYBEANS/PLATINUM,SOYBEANS,PLATINUM,0.75,0.5,28,0.75,0.6786,0.0193,0.0019,140.8,34,0.7059,0.7059,0.0136,-0.0004,109.3,10,29.4,8,80.0,-0.0022
SOYBEANS/PLATINUM,SOYBEANS,PLATINUM,0.75,0.75,28,0.75,0.6786,0.0193,0.0019,140.8,34,0.6765,0.6176,0.0139,-0.0006,113.9,8,23.5,6,75.0,-0.0024
SOYBEANS/PLATINUM,SOYBEANS,PLATINUM,0.5,0.1,28,0.75,0.6786,0.0193,0.0019,140.8,32,0.7812,0.7188,0.0163,0.0016,115.3,10,31.2,8,80.0,-0.0002
SOYBEANS/PLATINUM,SOYBEANS,PLATINUM,0.5,0.2,28,0.75,0.6786,0.0193,0.0019,140.8,32,0.75,0.7188,0.013,-0.0016,115.6,10,31.2,8,80.0,-0.0035
SOYBEANS/PLATINUM,SOYBEANS,PLATINUM,0.5,0.3,28,0.75,0.6786,0.0193,0.0019,140.8,32,0.7188,0.7188,0.0173,0.0024,117.5,7,21.9,5,71.4,0.0006
SOYBEANS/PLATINUM,SOYBEANS,PLATINUM,0.5,0.5,28,0.75,0.6786,0.0193,0.0019,140.8,32,0.7188,0.7188,0.0155,0.0005,118.5,7,21.9,5,71.4,-0.0013
SOYBEANS/PLATINUM,SOYBEANS,PLATINUM,0.5,0.75,28,0.75,0.6786,0.0193,0.0019,140.8,32,0.7188,0.7188,0.0126,-0.003,123.9,6,18.8,5,83.3,-0.0048
GOLD/NATGAS,GOLD,NATGAS,1.5,0.1,32,0.5938,0.5625,-0.0214,-0.0431,179.4,61,0.5902,0.5902,-0.0105,-0.0196,64.6,47,77.0,13,27.7,0.0235
GOLD/NATGAS,GOLD,NATGAS,1.5,0.2,32,0.5938,0.5625,-0.0214,-0.0431,179.4,61,0.5082,0.4426,-0.013,-0.0231,74.0,45,73.8,12,26.7,0.02
GOLD/NATGAS,GOLD,NATGAS,1.5,0.3,32,0.5938,0.5625,-0.0214,-0.0431,179.4,58,0.4828,0.3793,-0.0178,-0.0292,85.9,40,69.0,10,25.0,0.0139
GOLD/NATGAS,GOLD,NATGAS,1.5,0.5,32,0.5938,0.5625,-0.0214,-0.0431,179.4,53,0.4906,0.434,-0.0115,-0.0249,104.0,28,52.8,9,32.1,0.0182
GOLD/NATGAS,GOLD,NATGAS,1.5,0.75,32,0.5938,0.5625,-0.0214,-0.0431,179.4,45,0.5111,0.4667,-0.0163,-0.0323,128.0,17,37.8,7,41.2,0.0108
GOLD/NATGAS,GOLD,NATGAS,1.25,0.1,32,0.5938,0.5625,-0.0214,-0.0431,179.4,53,0.6226,0.566,0.0002,-0.0096,71.9,38,71.7,14,36.8,0.0334
GOLD/NATGAS,GOLD,NATGAS,1.25,0.2,32,0.5938,0.5625,-0.0214,-0.0431,179.4,53,0.6226,0.5849,-0.0025,-0.013,78.3,35,66.0,13,37.1,0.03
GOLD/NATGAS,GOLD,NATGAS,1.25,0.3,32,0.5938,0.5625,-0.0214,-0.0431,179.4,52,0.6346,0.5962,-0.0029,-0.0141,83.9,32,61.5,11,34.4,0.0289
GOLD/NATGAS,GOLD,NATGAS,1.25,0.5,32,0.5938,0.5625,-0.0214,-0.0431,179.4,51,0.5098,0.4118,-0.0103,-0.0231,97.9,30,58.8,10,33.3,0.02
GOLD/NATGAS,GOLD,NATGAS,1.25,0.75,32,0.5938,0.5625,-0.0214,-0.0431,179.4,47,0.5319,0.4468,-0.0141,-0.029,117.8,22,46.8,7,31.8,0.0141
GOLD/NATGAS,GOLD,NATGAS,1.0,0.1,32,0.5938,0.5625,-0.0214,-0.0431,179.4,40,0.575,0.5,-0.0096,-0.0238,111.6,26,65.0,10,38.5,0.0193
GOLD/NATGAS,GOLD,NATGAS,1.0,0.2,32,0.5938,0.5625,-0.0214,-0.0431,179.4,40,0.575,0.475,-0.0092,-0.0241,117.7,23,57.5,8,34.8,0.019
GOLD/NATGAS,GOLD,NATGAS,1.0,0.3,32,0.5938,0.5625,-0.0214,-0.0431,179.4,40,0.6,0.525,-0.0056,-0.021,122.4,20,50.0,6,30.0,0.0221
GOLD/NATGAS,GOLD,NATGAS,1.0,0.5,32,0.5938,0.5625,-0.0214,-0.0431,179.4,39,0.5641,0.5385,-0.0147,-0.0307,128.5,18,46.2,5,27.8,0.0123
GOLD/NATGAS,GOLD,NATGAS,1.0,0.75,32,0.5938,0.5625,-0.0214,-0.0431,179.4,39,0.5641,0.5128,-0.0159,-0.0329,136.8,15,38.5,4,26.7,0.0102
GOLD/NATGAS,GOLD,NATGAS,0.75,0.1,32,0.5938,0.5625,-0.0214,-0.0431,179.4,38,0.6053,0.6053,-0.0107,-0.0263,123.8,23,60.5,12,52.2,0.0168
GOLD/NATGAS,GOLD,NATGAS,0.75,0.2,32,0.5938,0.5625,-0.0214,-0.0431,179.4,38,0.6053,0.5789,-0.0081,-0.0241,127.5,20,52.6,9,45.0,0.019
GOLD/NATGAS,GOLD,NATGAS,0.75,0.3,32,0.5938,0.5625,-0.0214,-0.0431,179.4,38,0.6316,0.5526,-0.0087,-0.025,130.6,19,50.0,8,42.1,0.0181
GOLD/NATGAS,GOLD,NATGAS,0.75,0.5,32,0.5938,0.5625,-0.0214,-0.0431,179.4,37,0.6216,0.5405,-0.0134,-0.031,142.9,14,37.8,5,35.7,0.0121
GOLD/NATGAS,GOLD,NATGAS,0.75,0.75,32,0.5938,0.5625,-0.0214,-0.0431,179.4,36,0.5556,0.5278,-0.0157,-0.0341,149.6,11,30.6,3,27.3,0.009
GOLD/NATGAS,GOLD,NATGAS,0.5,0.1,32,0.5938,0.5625,-0.0214,-0.0431,179.4,37,0.6757,0.6216,-0.0019,-0.0182,130.9,19,51.4,10,52.6,0.0249
GOLD/NATGAS,GOLD,NATGAS,0.5,0.2,32,0.5938,0.5625,-0.0214,-0.0431,179.4,37,0.6757,0.5946,-0.0048,-0.0212,132.0,19,51.4,10,52.6,0.0218
GOLD/NATGAS,GOLD,NATGAS,0.5,0.3,32,0.5938,0.5625,-0.0214,-0.0431,179.4,37,0.6486,0.5946,-0.0046,-0.0214,134.8,16,43.2,7,43.8,0.0217
GOLD/NATGAS,GOLD,NATGAS,0.5,0.5,32,0.5938,0.5625,-0.0214,-0.0431,179.4,37,0.6216,0.5676,-0.01,-0.027,137.4,15,40.5,6,40.0,0.0161
GOLD/NATGAS,GOLD,NATGAS,0.5,0.75,32,0.5938,0.5625,-0.0214,-0.0431,179.4,36,0.6111,0.5556,-0.0135,-0.0319,149.3,10,27.8,3,30.0,0.0112
COPPER/NATGAS,COPPER,NATGAS,1.5,0.1,36,0.8333,0.6944,0.0335,0.0178,125.1,61,0.6721,0.623,0.0217,0.0136,55.3,37,60.7,18,48.6,-0.0042
COPPER/NATGAS,COPPER,NATGAS,1.5,0.2,36,0.8333,0.6944,0.0335,0.0178,125.1,61,0.6393,0.5902,0.0231,0.0145,60.7,34,55.7,16,47.1,-0.0034
COPPER/NATGAS,COPPER,NATGAS,1.5,0.3,36,0.8333,0.6944,0.0335,0.0178,125.1,60,0.6333,0.55,0.0274,0.018,68.0,28,46.7,13,46.4,0.0001
COPPER/NATGAS,COPPER,NATGAS,1.5,0.5,36,0.8333,0.6944,0.0335,0.0178,125.1,57,0.5965,0.5614,0.0294,0.0188,77.9,22,38.6,12,54.5,0.001
COPPER/NATGAS,COPPER,NATGAS,1.5,0.75,36,0.8333,0.6944,0.0335,0.0178,125.1,51,0.6667,0.6275,0.0279,0.016,90.3,16,31.4,10,62.5,-0.0018
COPPER/NATGAS,COPPER,NATGAS,1.25,0.1,36,0.8333,0.6944,0.0335,0.0178,125.1,55,0.7636,0.6909,0.0191,0.0103,62.2,35,63.6,18,51.4,-0.0076
COPPER/NATGAS,COPPER,NATGAS,1.25,0.2,36,0.8333,0.6944,0.0335,0.0178,125.1,55,0.7636,0.6727,0.0217,0.0125,66.4,32,58.2,16,50.0,-0.0054
COPPER/NATGAS,COPPER,NATGAS,1.25,0.3,36,0.8333,0.6944,0.0335,0.0178,125.1,55,0.7091,0.6182,0.029,0.019,73.1,27,49.1,13,48.1,0.0011
COPPER/NATGAS,COPPER,NATGAS,1.25,0.5,36,0.8333,0.6944,0.0335,0.0178,125.1,54,0.6296,0.537,0.027,0.0164,79.0,23,42.6,11,47.8,-0.0015
COPPER/NATGAS,COPPER,NATGAS,1.25,0.75,36,0.8333,0.6944,0.0335,0.0178,125.1,51,0.6275,0.5686,0.0324,0.0209,87.4,16,31.4,8,50.0,0.003
COPPER/NATGAS,COPPER,NATGAS,1.0,0.1,36,0.8333,0.6944,0.0335,0.0178,125.1,46,0.7609,0.7174,0.0167,0.0063,76.2,29,63.0,17,58.6,-0.0115
COPPER/NATGAS,COPPER,NATGAS,1.0,0.2,36,0.8333,0.6944,0.0335,0.0178,125.1,46,0.7826,0.6957,0.0206,0.0096,82.1,25,54.3,15,60.0,-0.0082
COPPER/NATGAS,COPPER,NATGAS,1.0,0.3,36,0.8333,0.6944,0.0335,0.0178,125.1,46,0.7609,0.6739,0.0207,0.0095,84.2,23,50.0,14,60.9,-0.0083
COPPER/NATGAS,COPPER,NATGAS,1.0,0.5,36,0.8333,0.6944,0.0335,0.0178,125.1,46,0.7391,0.6739,0.0249,0.0131,89.7,18,39.1,10,55.6,-0.0047
COPPER/NATGAS,COPPER,NATGAS,1.0,0.75,36,0.8333,0.6944,0.0335,0.0178,125.1,46,0.6739,0.6304,0.0279,0.0156,93.4,14,30.4,7,50.0,-0.0022
COPPER/NATGAS,COPPER,NATGAS,0.75,0.1,36,0.8333,0.6944,0.0335,0.0178,125.1,40,0.825,0.675,0.019,0.0069,92.1,24,60.0,14,58.3,-0.011
COPPER/NATGAS,COPPER,NATGAS,0.75,0.2,36,0.8333,0.6944,0.0335,0.0178,125.1,40,0.825,0.625,0.0177,0.0053,94.7,21,52.5,13,61.9,-0.0125
COPPER/NATGAS,COPPER,NATGAS,0.75,0.3,36,0.8333,0.6944,0.0335,0.0178,125.1,40,0.875,0.675,0.0261,0.013,101.2,16,40.0,11,68.8,-0.0048
COPPER/NATGAS,COPPER,NATGAS,0.75,0.5,36,0.8333,0.6944,0.0335,0.0178,125.1,40,0.775,0.65,0.0276,0.0142,104.0,12,30.0,9,75.0,-0.0036
COPPER/NATGAS,COPPER,NATGAS,0.75,0.75,36,0.8333,0.6944,0.0335,0.0178,125.1,40,0.775,0.65,0.0327,0.0187,109.7,8,20.0,6,75.0,0.0008
COPPER/NATGAS,COPPER,NATGAS,0.5,0.1,36,0.8333,0.6944,0.0335,0.0178,125.1,37,0.8649,0.7297,0.0303,0.0166,107.1,14,37.8,11,78.6,-0.0013
COPPER/NATGAS,COPPER,NATGAS,0.5,0.2,36,0.8333,0.6944,0.0335,0.0178,125.1,37,0.8378,0.7297,0.0279,0.0139,109.6,13,35.1,10,76.9,-0.004
COPPER/NATGAS,COPPER,NATGAS,0.5,0.3,36,0.8333,0.6944,0.0335,0.0178,125.1,37,0.8378,0.7297,0.0281,0.014,110.9,12,32.4,9,75.0,-0.0039
COPPER/NATGAS,COPPER,NATGAS,0.5,0.5,36,0.8333,0.6944,0.0335,0.0178,125.1,37,0.8649,0.7027,0.0283,0.0139,113.4,9,24.3,7,77.8,-0.004
COPPER/NATGAS,COPPER,NATGAS,0.5,0.75,36,0.8333,0.6944,0.0335,0.0178,125.1,37,0.8108,0.7027,0.0284,0.0135,117.5,6,16.2,5,83.3,-0.0043
BRENT/NATGAS,BRENT,NATGAS,1.5,0.1,27,0.7037,0.6667,0.0216,0.0053,130.1,47,0.617,0.5532,0.0081,0.0005,50.4,32,68.1,13,40.6,-0.0048
BRENT/NATGAS,BRENT,NATGAS,1.5,0.2,27,0.7037,0.6667,0.0216,0.0053,130.1,47,0.5745,0.4894,0.0113,0.0029,58.7,27,57.4,11,40.7,-0.0024
BRENT/NATGAS,BRENT,NATGAS,1.5,0.3,27,0.7037,0.6667,0.0216,0.0053,130.1,45,0.4889,0.4222,0.0046,-0.0045,64.1,26,57.8,11,42.3,-0.0098
BRENT/NATGAS,BRENT,NATGAS,1.5,0.5,27,0.7037,0.6667,0.0216,0.0053,130.1,44,0.4773,0.4091,0.0084,-0.0027,83.0,20,45.5,8,40.0,-0.0081
BRENT/NATGAS,BRENT,NATGAS,1.5,0.75,27,0.7037,0.6667,0.0216,0.0053,130.1,39,0.5641,0.5128,0.0151,0.0027,94.9,13,33.3,6,46.2,-0.0026
BRENT/NATGAS,BRENT,NATGAS,1.25,0.1,27,0.7037,0.6667,0.0216,0.0053,130.1,40,0.675,0.575,0.018,0.009,64.0,24,60.0,11,45.8,0.0037
BRENT/NATGAS,BRENT,NATGAS,1.25,0.2,27,0.7037,0.6667,0.0216,0.0053,130.1,40,0.65,0.525,0.0195,0.0102,66.9,22,55.0,9,40.9,0.0049
BRENT/NATGAS,BRENT,NATGAS,1.25,0.3,27,0.7037,0.6667,0.0216,0.0053,130.1,40,0.625,0.55,0.0166,0.007,70.1,21,52.5,9,42.9,0.0016
BRENT/NATGAS,BRENT,NATGAS,1.25,0.5,27,0.7037,0.6667,0.0216,0.0053,130.1,40,0.6,0.5,0.0135,0.0028,79.6,18,45.0,8,44.4,-0.0025
BRENT/NATGAS,BRENT,NATGAS,1.25,0.75,27,0.7037,0.6667,0.0216,0.0053,130.1,39,0.5385,0.4615,0.0118,-0.0007,95.2,14,35.9,6,42.9,-0.006
BRENT/NATGAS,BRENT,NATGAS,1.0,0.1,27,0.7037,0.6667,0.0216,0.0053,130.1,35,0.6571,0.5714,0.024,0.0136,76.9,19,54.3,10,52.6,0.0083
BRENT/NATGAS,BRENT,NATGAS,1.0,0.2,27,0.7037,0.6667,0.0216,0.0053,130.1,35,0.6286,0.5714,0.0215,0.0109,77.9,17,48.6,9,52.9,0.0056
BRENT/NATGAS,BRENT,NATGAS,1.0,0.3,27,0.7037,0.6667,0.0216,0.0053,130.1,35,0.6,0.5429,0.0187,0.0076,82.7,16,45.7,8,50.0,0.0023
BRENT/NATGAS,BRENT,NATGAS,1.0,0.5,27,0.7037,0.6667,0.0216,0.0053,130.1,35,0.5714,0.5429,0.0136,0.0021,86.8,16,45.7,8,50.0,-0.0032
BRENT/NATGAS,BRENT,NATGAS,1.0,0.75,27,0.7037,0.6667,0.0216,0.0053,130.1,35,0.5714,0.5143,0.0137,0.0013,94.9,12,34.3,7,58.3,-0.004
BRENT/NATGAS,BRENT,NATGAS,0.75,0.1,27,0.7037,0.6667,0.0216,0.0053,130.1,33,0.7273,0.6667,0.0249,0.0137,83.5,20,60.6,10,50.0,0.0084
BRENT/NATGAS,BRENT,NATGAS,0.75,0.2,27,0.7037,0.6667,0.0216,0.0053,130.1,33,0.697,0.6061,0.0252,0.0137,86.2,18,54.5,8,44.4,0.0084
BRENT/NATGAS,BRENT,NATGAS,0.75,0.3,27,0.7037,0.6667,0.0216,0.0053,130.1,33,0.6667,0.6061,0.0245,0.0128,88.7,16,48.5,8,50.0,0.0074
BRENT/NATGAS,BRENT,NATGAS,0.75,0.5,27,0.7037,0.6667,0.0216,0.0053,130.1,33,0.6364,0.5758,0.0195,0.0076,90.5,14,42.4,7,50.0,0.0023
BRENT/NATGAS,BRENT,NATGAS,0.75,0.75,27,0.7037,0.6667,0.0216,0.0053,130.1,33,0.5758,0.5455,0.013,0.0005,95.8,14,42.4,7,50.0,-0.0048
BRENT/NATGAS,BRENT,NATGAS,0.5,0.1,27,0.7037,0.6667,0.0216,0.0053,130.1,30,0.7667,0.7,0.0214,0.0095,90.4,16,53.3,11,68.8,0.0042
BRENT/NATGAS,BRENT,NATGAS,0.5,0.2,27,0.7037,0.6667,0.0216,0.0053,130.1,30,0.7667,0.7,0.0221,0.0098,93.8,14,46.7,9,64.3,0.0045
BRENT/NATGAS,BRENT,NATGAS,0.5,0.3,27,0.7037,0.6667,0.0216,0.0053,130.1,30,0.7667,0.7,0.0231,0.0108,94.5,13,43.3,8,61.5,0.0054
BRENT/NATGAS,BRENT,NATGAS,0.5,0.5,27,0.7037,0.6667,0.0216,0.0053,130.1,30,0.7667,0.6667,0.0249,0.0121,98.6,11,36.7,6,54.5,0.0068
BRENT/NATGAS,BRENT,NATGAS,0.5,0.75,27,0.7037,0.6667,0.0216,0.0053,130.1,30,0.7,0.6333,0.0205,0.0074,101.2,9,30.0,5,55.6,0.0021
COFFEE/NATGAS,COFFEE,NATGAS,1.5,0.1,42,0.881,0.8095,0.0495,0.0355,109.7,76,0.6579,0.5789,0.0244,0.0182,38.4,55,72.4,27,49.1,-0.0172
COFFEE/NATGAS,COFFEE,NATGAS,1.5,0.2,42,0.881,0.8095,0.0495,0.0355,109.7,76,0.5921,0.5526,0.0231,0.0164,43.7,52,68.4,26,50.0,-0.0191
COFFEE/NATGAS,COFFEE,NATGAS,1.5,0.3,42,0.881,0.8095,0.0495,0.0355,109.7,74,0.5405,0.5,0.0199,0.0123,51.2,48,64.9,24,50.0,-0.0232
COFFEE/NATGAS,COFFEE,NATGAS,1.5,0.5,42,0.881,0.8095,0.0495,0.0355,109.7,71,0.5634,0.5352,0.0284,0.019,68.1,32,45.1,17,53.1,-0.0165
COFFEE/NATGAS,COFFEE,NATGAS,1.5,0.75,42,0.881,0.8095,0.0495,0.0355,109.7,64,0.5938,0.5938,0.0309,0.0206,76.4,24,37.5,15,62.5,-0.0149
COFFEE/NATGAS,COFFEE,NATGAS,1.25,0.1,42,0.881,0.8095,0.0495,0.0355,109.7,65,0.7077,0.6615,0.0238,0.0171,43.7,50,76.9,28,56.0,-0.0184
COFFEE/NATGAS,COFFEE,NATGAS,1.25,0.2,42,0.881,0.8095,0.0495,0.0355,109.7,65,0.6769,0.6154,0.0206,0.0135,47.2,48,73.8,27,56.2,-0.022
COFFEE/NATGAS,COFFEE,NATGAS,1.25,0.3,42,0.881,0.8095,0.0495,0.0355,109.7,65,0.6462,0.5846,0.0229,0.0153,51.5,43,66.2,23,53.5,-0.0202
COFFEE/NATGAS,COFFEE,NATGAS,1.25,0.5,42,0.881,0.8095,0.0495,0.0355,109.7,65,0.5385,0.5077,0.0214,0.013,58.8,39,60.0,20,51.3,-0.0225
COFFEE/NATGAS,COFFEE,NATGAS,1.25,0.75,42,0.881,0.8095,0.0495,0.0355,109.7,63,0.6349,0.6032,0.0334,0.0229,77.7,23,36.5,11,47.8,-0.0126
COFFEE/NATGAS,COFFEE,NATGAS,1.0,0.1,42,0.881,0.8095,0.0495,0.0355,109.7,52,0.7885,0.7308,0.0251,0.0161,63.4,35,67.3,23,65.7,-0.0193
COFFEE/NATGAS,COFFEE,NATGAS,1.0,0.2,42,0.881,0.8095,0.0495,0.0355,109.7,52,0.7308,0.6923,0.0209,0.0117,65.4,35,67.3,23,65.7,-0.0237
COFFEE/NATGAS,COFFEE,NATGAS,1.0,0.3,42,0.881,0.8095,0.0495,0.0355,109.7,52,0.7115,0.6731,0.0225,0.0129,69.2,31,59.6,20,64.5,-0.0225
COFFEE/NATGAS,COFFEE,NATGAS,1.0,0.5,42,0.881,0.8095,0.0495,0.0355,109.7,52,0.7115,0.6538,0.0256,0.0153,75.8,25,48.1,17,68.0,-0.0201
COFFEE/NATGAS,COFFEE,NATGAS,1.0,0.75,42,0.881,0.8095,0.0495,0.0355,109.7,52,0.6346,0.5962,0.0257,0.0148,81.3,21,40.4,14,66.7,-0.0207
COFFEE/NATGAS,COFFEE,NATGAS,0.75,0.1,42,0.881,0.8095,0.0495,0.0355,109.7,46,0.8261,0.8261,0.0329,0.0232,70.0,26,56.5,22,84.6,-0.0123
COFFEE/NATGAS,COFFEE,NATGAS,0.75,0.2,42,0.881,0.8095,0.0495,0.0355,109.7,46,0.7826,0.7609,0.0336,0.0235,73.6,23,50.0,19,82.6,-0.012
COFFEE/NATGAS,COFFEE,NATGAS,0.75,0.3,42,0.881,0.8095,0.0495,0.0355,109.7,46,0.8043,0.7391,0.0343,0.024,75.9,21,45.7,17,81.0,-0.0115
COFFEE/NATGAS,COFFEE,NATGAS,0.75,0.5,42,0.881,0.8095,0.0495,0.0355,109.7,46,0.7609,0.6957,0.0321,0.0213,80.2,19,41.3,15,78.9,-0.0142
COFFEE/NATGAS,COFFEE,NATGAS,0.75,0.75,42,0.881,0.8095,0.0495,0.0355,109.7,46,0.7826,0.7174,0.033,0.0215,86.2,15,32.6,11,73.3,-0.0139
COFFEE/NATGAS,COFFEE,NATGAS,0.5,0.1,42,0.881,0.8095,0.0495,0.0355,109.7,45,0.8444,0.8222,0.0441,0.0327,86.2,18,40.0,14,77.8,-0.0028
COFFEE/NATGAS,COFFEE,NATGAS,0.5,0.2,42,0.881,0.8095,0.0495,0.0355,109.7,45,0.8444,0.8222,0.0425,0.031,86.5,18,40.0,14,77.8,-0.0044
COFFEE/NATGAS,COFFEE,NATGAS,0.5,0.3,42,0.881,0.8095,0.0495,0.0355,109.7,45,0.8444,0.8222,0.0405,0.0289,87.2,17,37.8,13,76.5,-0.0066
COFFEE/NATGAS,COFFEE,NATGAS,0.5,0.5,42,0.881,0.8095,0.0495,0.0355,109.7,45,0.8222,0.7556,0.0419,0.03,90.4,14,31.1,10,71.4,-0.0055
COFFEE/NATGAS,COFFEE,NATGAS,0.5,0.75,42,0.881,0.8095,0.0495,0.0355,109.7,45,0.8222,0.7556,0.0415,0.0291,94.4,12,26.7,8,66.7,-0.0063
SUGAR/NATGAS,SUGAR,NATGAS,1.5,0.1,33,0.6364,0.5455,0.0002,-0.0202,168.4,65,0.4615,0.4308,-0.0119,-0.0203,58.0,54,83.1,16,29.6,-0.0001
SUGAR/NATGAS,SUGAR,NATGAS,1.5,0.2,33,0.6364,0.5455,0.0002,-0.0202,168.4,64,0.3906,0.375,-0.0147,-0.0238,64.5,52,81.2,14,26.9,-0.0036
SUGAR/NATGAS,SUGAR,NATGAS,1.5,0.3,33,0.6364,0.5455,0.0002,-0.0202,168.4,64,0.4062,0.3906,-0.0105,-0.0211,78.0,46,71.9,13,28.3,-0.0008
SUGAR/NATGAS,SUGAR,NATGAS,1.5,0.5,33,0.6364,0.5455,0.0002,-0.0202,168.4,59,0.4407,0.4068,-0.0032,-0.015,89.1,33,55.9,10,30.3,0.0052
SUGAR/NATGAS,SUGAR,NATGAS,1.5,0.75,33,0.6364,0.5455,0.0002,-0.0202,168.4,53,0.4528,0.434,-0.0048,-0.0184,105.8,24,45.3,9,37.5,0.0018
SUGAR/NATGAS,SUGAR,NATGAS,1.25,0.1,33,0.6364,0.5455,0.0002,-0.0202,168.4,53,0.6038,0.5283,-0.0004,-0.0099,68.3,40,75.5,16,40.0,0.0103
SUGAR/NATGAS,SUGAR,NATGAS,1.25,0.2,33,0.6364,0.5455,0.0002,-0.0202,168.4,53,0.5472,0.5094,0.0044,-0.0065,80.9,34,64.2,13,38.2,0.0137
SUGAR/NATGAS,SUGAR,NATGAS,1.25,0.3,33,0.6364,0.5455,0.0002,-0.0202,168.4,53,0.5472,0.5094,0.0026,-0.0089,86.6,32,60.4,12,37.5,0.0114
SUGAR/NATGAS,SUGAR,NATGAS,1.25,0.5,33,0.6364,0.5455,0.0002,-0.0202,168.4,52,0.5192,0.4808,-0.0019,-0.0149,100.3,27,51.9,10,37.0,0.0053
SUGAR/NATGAS,SUGAR,NATGAS,1.25,0.75,33,0.6364,0.5455,0.0002,-0.0202,168.4,51,0.4902,0.451,-0.0015,-0.0153,107.7,23,45.1,8,34.8,0.005
SUGAR/NATGAS,SUGAR,NATGAS,1.0,0.1,33,0.6364,0.5455,0.0002,-0.0202,168.4,42,0.6667,0.5952,-0.0103,-0.0223,91.2,30,71.4,14,46.7,-0.0021
SUGAR/NATGAS,SUGAR,NATGAS,1.0,0.2,33,0.6364,0.5455,0.0002,-0.0202,168.4,42,0.619,0.5,-0.0131,-0.0254,94.1,28,66.7,12,42.9,-0.0052
SUGAR/NATGAS,SUGAR,NATGAS,1.0,0.3,33,0.6364,0.5455,0.0002,-0.0202,168.4,41,0.6098,0.4634,-0.0121,-0.0256,104.9,22,53.7,11,50.0,-0.0053
SUGAR/NATGAS,SUGAR,NATGAS,1.0,0.5,33,0.6364,0.5455,0.0002,-0.0202,168.4,41,0.4878,0.439,-0.007,-0.0219,117.2,17,41.5,8,47.1,-0.0017
SUGAR/NATGAS,SUGAR,NATGAS,1.0,0.75,33,0.6364,0.5455,0.0002,-0.0202,168.4,40,0.45,0.425,-0.0085,-0.025,132.0,13,32.5,6,46.2,-0.0047
SUGAR/NATGAS,SUGAR,NATGAS,0.75,0.1,33,0.6364,0.5455,0.0002,-0.0202,168.4,41,0.6829,0.561,0.0054,-0.0079,102.4,27,65.9,10,37.0,0.0124
SUGAR/NATGAS,SUGAR,NATGAS,0.75,0.2,33,0.6364,0.5455,0.0002,-0.0202,168.4,41,0.6829,0.561,0.0065,-0.0071,106.3,23,56.1,8,34.8,0.0131
SUGAR/NATGAS,SUGAR,NATGAS,0.75,0.3,33,0.6364,0.5455,0.0002,-0.0202,168.4,41,0.6829,0.561,0.0024,-0.0114,107.8,23,56.1,8,34.8,0.0088
SUGAR/NATGAS,SUGAR,NATGAS,0.75,0.5,33,0.6364,0.5455,0.0002,-0.0202,168.4,41,0.6341,0.5366,-0.0015,-0.0167,120.4,16,39.0,6,37.5,0.0035
SUGAR/NATGAS,SUGAR,NATGAS,0.75,0.75,33,0.6364,0.5455,0.0002,-0.0202,168.4,40,0.5,0.475,-0.003,-0.0193,130.6,13,32.5,5,38.5,0.0009
SUGAR/NATGAS,SUGAR,NATGAS,0.5,0.1,33,0.6364,0.5455,0.0002,-0.0202,168.4,36,0.6944,0.5833,0.0148,-0.0017,132.5,15,41.7,5,33.3,0.0185
SUGAR/NATGAS,SUGAR,NATGAS,0.5,0.2,33,0.6364,0.5455,0.0002,-0.0202,168.4,36,0.6944,0.5833,0.0126,-0.004,133.1,15,41.7,5,33.3,0.0162
SUGAR/NATGAS,SUGAR,NATGAS,0.5,0.3,33,0.6364,0.5455,0.0002,-0.0202,168.4,36,0.6667,0.5556,0.0102,-0.0067,136.0,14,38.9,4,28.6,0.0136
SUGAR/NATGAS,SUGAR,NATGAS,0.5,0.5,33,0.6364,0.5455,0.0002,-0.0202,168.4,36,0.6667,0.5556,0.0098,-0.0079,143.0,11,30.6,3,27.3,0.0123
SUGAR/NATGAS,SUGAR,NATGAS,0.5,0.75,33,0.6364,0.5455,0.0002,-0.0202,168.4,36,0.6111,0.5278,0.0059,-0.0123,148.0,8,22.2,2,25.0,0.0079
SOYBEANS/NATGAS,SOYBEANS,NATGAS,1.5,0.1,38,0.7105,0.7105,0.0201,0.0035,133.1,64,0.625,0.5781,0.0095,0.001,59.6,39,60.9,16,41.0,-0.0025
SOYBEANS/NATGAS,SOYBEANS,NATGAS,1.5,0.2,38,0.7105,0.7105,0.0201,0.0035,133.1,63,0.5714,0.5238,0.0042,-0.0049,64.5,37,58.7,16,43.2,-0.0083
SOYBEANS/NATGAS,SOYBEANS,NATGAS,1.5,0.3,38,0.7105,0.7105,0.0201,0.0035,133.1,63,0.5556,0.5397,0.0079,-0.0017,69.3,33,52.4,13,39.4,-0.0051
SOYBEANS/NATGAS,SOYBEANS,NATGAS,1.5,0.5,38,0.7105,0.7105,0.0201,0.0035,133.1,61,0.5082,0.4918,0.0111,0.0002,81.4,28,45.9,12,42.9,-0.0033
SOYBEANS/NATGAS,SOYBEANS,NATGAS,1.5,0.75,38,0.7105,0.7105,0.0201,0.0035,133.1,58,0.5172,0.5172,0.0093,-0.0024,88.4,23,39.7,8,34.8,-0.0059
SOYBEANS/NATGAS,SOYBEANS,NATGAS,1.25,0.1,38,0.7105,0.7105,0.0201,0.0035,133.1,53,0.6792,0.6604,0.0083,-0.0015,70.5,31,58.5,15,48.4,-0.0049
SOYBEANS/NATGAS,SOYBEANS,NATGAS,1.25,0.2,38,0.7105,0.7105,0.0201,0.0035,133.1,53,0.6415,0.5849,0.0116,0.001,78.3,26,49.1,12,46.2,-0.0025
SOYBEANS/NATGAS,SOYBEANS,NATGAS,1.25,0.3,38,0.7105,0.7105,0.0201,0.0035,133.1,53,0.6226,0.566,0.0072,-0.0038,82.3,26,49.1,12,46.2,-0.0073
SOYBEANS/NATGAS,SOYBEANS,NATGAS,1.25,0.5,38,0.7105,0.7105,0.0201,0.0035,133.1,52,0.6154,0.5769,0.0154,0.0031,94.3,19,36.5,8,42.1,-0.0004
SOYBEANS/NATGAS,SOYBEANS,NATGAS,1.25,0.75,38,0.7105,0.7105,0.0201,0.0035,133.1,51,0.5294,0.5294,0.0123,-0.0007,100.3,17,33.3,7,41.2,-0.0042
SOYBEANS/NATGAS,SOYBEANS,NATGAS,1.0,0.1,38,0.7105,0.7105,0.0201,0.0035,133.1,47,0.6809,0.6383,0.0073,-0.003,75.7,26,55.3,14,53.8,-0.0065
SOYBEANS/NATGAS,SOYBEANS,NATGAS,1.0,0.2,38,0.7105,0.7105,0.0201,0.0035,133.1,47,0.7021,0.6809,0.0078,-0.0032,82.6,24,51.1,13,54.2,-0.0067
SOYBEANS/NATGAS,SOYBEANS,NATGAS,1.0,0.3,38,0.7105,0.7105,0.0201,0.0035,133.1,47,0.7234,0.6809,0.0049,-0.0068,87.9,23,48.9,12,52.2,-0.0102
SOYBEANS/NATGAS,SOYBEANS,NATGAS,1.0,0.5,38,0.7105,0.7105,0.0201,0.0035,133.1,47,0.6596,0.6383,0.0095,-0.0032,97.2,18,38.3,10,55.6,-0.0067
SOYBEANS/NATGAS,SOYBEANS,NATGAS,1.0,0.75,38,0.7105,0.7105,0.0201,0.0035,133.1,46,0.6739,0.6304,0.0154,0.0016,107.6,12,26.1,6,50.0,-0.0018
SOYBEANS/NATGAS,SOYBEANS,NATGAS,0.75,0.1,38,0.7105,0.7105,0.0201,0.0035,133.1,41,0.6829,0.6829,0.0101,-0.0024,96.3,18,43.9,11,61.1,-0.0059
SOYBEANS/NATGAS,SOYBEANS,NATGAS,0.75,0.2,38,0.7105,0.7105,0.0201,0.0035,133.1,41,0.7073,0.7073,0.0095,-0.0033,98.1,17,41.5,10,58.8,-0.0067
SOYBEANS/NATGAS,SOYBEANS,NATGAS,0.75,0.3,38,0.7105,0.7105,0.0201,0.0035,133.1,41,0.7317,0.7317,0.0178,0.0045,103.0,11,26.8,6,54.5,0.001
SOYBEANS/NATGAS,SOYBEANS,NATGAS,0.75,0.5,38,0.7105,0.7105,0.0201,0.0035,133.1,41,0.7317,0.7073,0.0104,-0.0035,108.8,11,26.8,6,54.5,-0.007
SOYBEANS/NATGAS,SOYBEANS,NATGAS,0.75,0.75,38,0.7105,0.7105,0.0201,0.0035,133.1,41,0.6829,0.6585,0.0122,-0.0022,112.7,9,22.0,5,55.6,-0.0057
SOYBEANS/NATGAS,SOYBEANS,NATGAS,0.5,0.1,38,0.7105,0.7105,0.0201,0.0035,133.1,39,0.6667,0.6667,0.0086,-0.0052,107.4,18,46.2,13,72.2,-0.0087
SOYBEANS/NATGAS,SOYBEANS,NATGAS,0.5,0.2,38,0.7105,0.7105,0.0201,0.0035,133.1,39,0.6667,0.6667,0.0106,-0.0035,110.4,15,38.5,10,66.7,-0.007
SOYBEANS/NATGAS,SOYBEANS,NATGAS,0.5,0.3,38,0.7105,0.7105,0.0201,0.0035,133.1,39,0.6923,0.6923,0.0127,-0.0017,112.4,12,30.8,7,58.3,-0.0051
SOYBEANS/NATGAS,SOYBEANS,NATGAS,0.5,0.5,38,0.7105,0.7105,0.0201,0.0035,133.1,39,0.7436,0.7436,0.019,0.0042,116.5,7,17.9,3,42.9,0.0007
SOYBEANS/NATGAS,SOYBEANS,NATGAS,0.5,0.75,38,0.7105,0.7105,0.0201,0.0035,133.1,39,0.7436,0.7436,0.0168,0.0015,121.5,5,12.8,2,40.0,-0.002
COFFEE/SILVER,COFFEE,SILVER,1.5,0.1,37,0.7838,0.7838,0.0212,0.0053,126.8,74,0.5811,0.5,0.0028,-0.004,43.7,58,78.4,25,43.1,-0.0092
COFFEE/SILVER,COFFEE,SILVER,1.5,0.2,37,0.7838,0.7838,0.0212,0.0053,126.8,71,0.5493,0.4225,0.0025,-0.0052,52.2,51,71.8,21,41.2,-0.0105
COFFEE/SILVER,COFFEE,SILVER,1.5,0.3,37,0.7838,0.7838,0.0212,0.0053,126.8,71,0.5493,0.4507,0.0037,-0.0047,58.5,47,66.2,18,38.3,-0.0099
COFFEE/SILVER,COFFEE,SILVER,1.5,0.5,37,0.7838,0.7838,0.0212,0.0053,126.8,69,0.5507,0.5072,0.0091,-0.0005,68.6,38,55.1,13,34.2,-0.0057
COFFEE/SILVER,COFFEE,SILVER,1.5,0.75,37,0.7838,0.7838,0.0212,0.0053,126.8,59,0.5254,0.4915,0.0058,-0.0052,81.8,25,42.4,10,40.0,-0.0104
COFFEE/SILVER,COFFEE,SILVER,1.25,0.1,37,0.7838,0.7838,0.0212,0.0053,126.8,66,0.7424,0.6667,0.0149,0.0075,49.2,48,72.7,21,43.8,0.0022
COFFEE/SILVER,COFFEE,SILVER,1.25,0.2,37,0.7838,0.7838,0.0212,0.0053,126.8,66,0.7121,0.6061,0.0108,0.0031,51.8,48,72.7,21,43.8,-0.0021
COFFEE/SILVER,COFFEE,SILVER,1.25,0.3,37,0.7838,0.7838,0.0212,0.0053,126.8,66,0.6212,0.5303,0.0094,0.0014,55.2,45,68.2,21,46.7,-0.0039
COFFEE/SILVER,COFFEE,SILVER,1.25,0.5,37,0.7838,0.7838,0.0212,0.0053,126.8,63,0.5873,0.4921,0.0083,-0.001,66.3,37,58.7,17,45.9,-0.0063
COFFEE/SILVER,COFFEE,SILVER,1.25,0.75,37,0.7838,0.7838,0.0212,0.0053,126.8,61,0.5902,0.5574,0.0122,0.0018,76.9,29,47.5,11,37.9,-0.0035
COFFEE/SILVER,COFFEE,SILVER,1.0,0.1,37,0.7838,0.7838,0.0212,0.0053,126.8,57,0.7895,0.7719,0.0196,0.011,60.0,36,63.2,16,44.4,0.0057
COFFEE/SILVER,COFFEE,SILVER,1.0,0.2,37,0.7838,0.7838,0.0212,0.0053,126.8,57,0.7719,0.7544,0.0201,0.0113,62.1,34,59.6,16,47.1,0.006
COFFEE/SILVER,COFFEE,SILVER,1.0,0.3,37,0.7838,0.7838,0.0212,0.0053,126.8,57,0.7895,0.7544,0.0216,0.0124,65.5,31,54.4,14,45.2,0.0072
COFFEE/SILVER,COFFEE,SILVER,1.0,0.5,37,0.7838,0.7838,0.0212,0.0053,126.8,57,0.7368,0.6667,0.0171,0.0075,69.2,30,52.6,13,43.3,0.0023
COFFEE/SILVER,COFFEE,SILVER,1.0,0.75,37,0.7838,0.7838,0.0212,0.0053,126.8,56,0.6607,0.625,0.0195,0.0086,81.1,23,41.1,10,43.5,0.0033
COFFEE/SILVER,COFFEE,SILVER,0.75,0.1,37,0.7838,0.7838,0.0212,0.0053,126.8,51,0.8235,0.7843,0.0259,0.0161,70.7,30,58.8,16,53.3,0.0109
COFFEE/SILVER,COFFEE,SILVER,0.75,0.2,37,0.7838,0.7838,0.0212,0.0053,126.8,51,0.8431,0.8235,0.0277,0.0177,73.1,26,51.0,12,46.2,0.0124
COFFEE/SILVER,COFFEE,SILVER,0.75,0.3,37,0.7838,0.7838,0.0212,0.0053,126.8,51,0.8431,0.8039,0.0307,0.0202,77.5,22,43.1,9,40.9,0.0149
COFFEE/SILVER,COFFEE,SILVER,0.75,0.5,37,0.7838,0.7838,0.0212,0.0053,126.8,51,0.7843,0.7647,0.0282,0.0173,80.7,21,41.2,8,38.1,0.0121
COFFEE/SILVER,COFFEE,SILVER,0.75,0.75,37,0.7838,0.7838,0.0212,0.0053,126.8,51,0.7451,0.7059,0.0221,0.0107,85.4,21,41.2,8,38.1,0.0055
COFFEE/SILVER,COFFEE,SILVER,0.5,0.1,37,0.7838,0.7838,0.0212,0.0053,126.8,48,0.8542,0.8542,0.0285,0.0177,80.7,25,52.1,13,52.0,0.0124
COFFEE/SILVER,COFFEE,SILVER,0.5,0.2,37,0.7838,0.7838,0.0212,0.0053,126.8,48,0.875,0.875,0.0299,0.0189,82.8,21,43.8,11,52.4,0.0136
COFFEE/SILVER,COFFEE,SILVER,0.5,0.3,37,0.7838,0.7838,0.0212,0.0053,126.8,48,0.8542,0.8333,0.0274,0.0161,84.3,21,43.8,11,52.4,0.0109
COFFEE/SILVER,COFFEE,SILVER,0.5,0.5,37,0.7838,0.7838,0.0212,0.0053,126.8,48,0.8542,0.8333,0.0297,0.0182,86.4,17,35.4,8,47.1,0.0129
COFFEE/SILVER,COFFEE,SILVER,0.5,0.75,37,0.7838,0.7838,0.0212,0.0053,126.8,48,0.7708,0.75,0.0275,0.0157,89.2,15,31.2,7,46.7,0.0104
BRENT/WHEAT,BRENT,WHEAT,1.5,0.1,29,0.8966,0.8276,0.0461,0.0318,112.4,43,0.7442,0.6744,0.0073,-0.0005,53.3,27,62.8,16,59.3,-0.0323
BRENT/WHEAT,BRENT,WHEAT,1.5,0.2,29,0.8966,0.8276,0.0461,0.0318,112.4,43,0.6744,0.6047,0.0078,-0.0006,57.8,25,58.1,16,64.0,-0.0324
BRENT/WHEAT,BRENT,WHEAT,1.5,0.3,29,0.8966,0.8276,0.0461,0.0318,112.4,42,0.6429,0.5476,0.0185,0.0091,67.2,21,50.0,13,61.9,-0.0227
BRENT/WHEAT,BRENT,WHEAT,1.5,0.5,29,0.8966,0.8276,0.0461,0.0318,112.4,42,0.6429,0.5952,0.0292,0.0188,76.8,14,33.3,9,64.3,-0.013
BRENT/WHEAT,BRENT,WHEAT,1.5,0.75,29,0.8966,0.8276,0.0461,0.0318,112.4,38,0.7105,0.6579,0.0353,0.0239,86.2,9,23.7,8,88.9,-0.0079
BRENT/WHEAT,BRENT,WHEAT,1.25,0.1,29,0.8966,0.8276,0.0461,0.0318,112.4,34,0.7647,0.7059,0.0188,0.0098,63.9,18,52.9,12,66.7,-0.022
BRENT/WHEAT,BRENT,WHEAT,1.25,0.2,29,0.8966,0.8276,0.0461,0.0318,112.4,34,0.7353,0.7353,0.0171,0.0077,67.4,17,50.0,11,64.7,-0.0241
BRENT/WHEAT,BRENT,WHEAT,1.25,0.3,29,0.8966,0.8276,0.0461,0.0318,112.4,34,0.7059,0.7059,0.0151,0.0051,72.5,16,47.1,11,68.8,-0.0267
BRENT/WHEAT,BRENT,WHEAT,1.25,0.5,29,0.8966,0.8276,0.0461,0.0318,112.4,33,0.7576,0.697,0.022,0.0104,88.3,11,33.3,8,72.7,-0.0214
BRENT/WHEAT,BRENT,WHEAT,1.25,0.75,29,0.8966,0.8276,0.0461,0.0318,112.4,32,0.8125,0.7812,0.0378,0.0247,100.6,4,12.5,4,100.0,-0.0071
BRENT/WHEAT,BRENT,WHEAT,1.0,0.1,29,0.8966,0.8276,0.0461,0.0318,112.4,29,0.7586,0.7241,0.0124,0.0016,80.2,15,51.7,14,93.3,-0.0302
BRENT/WHEAT,BRENT,WHEAT,1.0,0.2,29,0.8966,0.8276,0.0461,0.0318,112.4,29,0.7586,0.7241,0.0205,0.0088,89.0,12,41.4,11,91.7,-0.023
BRENT/WHEAT,BRENT,WHEAT,1.0,0.3,29,0.8966,0.8276,0.0461,0.0318,112.4,29,0.7931,0.7586,0.0238,0.0118,91.6,10,34.5,9,90.0,-0.02
BRENT/WHEAT,BRENT,WHEAT,1.0,0.5,29,0.8966,0.8276,0.0461,0.0318,112.4,29,0.7586,0.7586,0.0252,0.0125,98.3,7,24.1,7,100.0,-0.0193
BRENT/WHEAT,BRENT,WHEAT,1.0,0.75,29,0.8966,0.8276,0.0461,0.0318,112.4,29,0.8621,0.7931,0.0365,0.023,105.3,3,10.3,3,100.0,-0.0088
BRENT/WHEAT,BRENT,WHEAT,0.75,0.1,29,0.8966,0.8276,0.0461,0.0318,112.4,29,0.8276,0.7586,0.0223,0.0117,78.3,16,55.2,14,87.5,-0.0201
BRENT/WHEAT,BRENT,WHEAT,0.75,0.2,29,0.8966,0.8276,0.0461,0.0318,112.4,29,0.7931,0.7586,0.0319,0.0202,88.8,11,37.9,9,81.8,-0.0116
BRENT/WHEAT,BRENT,WHEAT,0.75,0.3,29,0.8966,0.8276,0.0461,0.0318,112.4,29,0.8276,0.7931,0.0332,0.0211,92.4,9,31.0,7,77.8,-0.0107
BRENT/WHEAT,BRENT,WHEAT,0.75,0.5,29,0.8966,0.8276,0.0461,0.0318,112.4,29,0.8276,0.7931,0.0318,0.0189,98.9,7,24.1,6,85.7,-0.0129
BRENT/WHEAT,BRENT,WHEAT,0.75,0.75,29,0.8966,0.8276,0.0461,0.0318,112.4,29,0.8621,0.8276,0.0372,0.0236,105.8,3,10.3,3,100.0,-0.0082
BRENT/WHEAT,BRENT,WHEAT,0.5,0.1,29,0.8966,0.8276,0.0461,0.0318,112.4,29,0.7931,0.7586,0.0285,0.0167,89.0,15,51.7,14,93.3,-0.0151
BRENT/WHEAT,BRENT,WHEAT,0.5,0.2,29,0.8966,0.8276,0.0461,0.0318,112.4,29,0.7931,0.7586,0.0236,0.0117,90.7,15,51.7,14,93.3,-0.0201
BRENT/WHEAT,BRENT,WHEAT,0.5,0.3,29,0.8966,0.8276,0.0461,0.0318,112.4,29,0.7931,0.7586,0.0218,0.0097,92.1,14,48.3,13,92.9,-0.0221
BRENT/WHEAT,BRENT,WHEAT,0.5,0.5,29,0.8966,0.8276,0.0461,0.0318,112.4,29,0.8276,0.7586,0.0314,0.0186,98.3,8,27.6,7,87.5,-0.0132
BRENT/WHEAT,BRENT,WHEAT,0.5,0.75,29,0.8966,0.8276,0.0461,0.0318,112.4,29,0.8621,0.7931,0.0354,0.0221,103.1,5,17.2,4,80.0,-0.0097
WHEAT/SOYBEANS,WHEAT,SOYBEANS,1.5,0.1,36,0.8056,0.75,0.0339,0.0185,122.3,59,0.678,0.6102,0.015,0.0071,54.1,37,62.7,14,37.8,-0.0114
WHEAT/SOYBEANS,WHEAT,SOYBEANS,1.5,0.2,36,0.8056,0.75,0.0339,0.0185,122.3,59,0.6441,0.5932,0.0213,0.0125,62.5,32,54.2,10,31.2,-0.006
WHEAT/SOYBEANS,WHEAT,SOYBEANS,1.5,0.3,36,0.8056,0.75,0.0339,0.0185,122.3,59,0.5932,0.5593,0.0213,0.0122,65.3,29,49.2,10,34.5,-0.0063
WHEAT/SOYBEANS,WHEAT,SOYBEANS,1.5,0.5,36,0.8056,0.75,0.0339,0.0185,122.3,57,0.5789,0.5263,0.0213,0.0107,78.5,24,42.1,8,33.3,-0.0078
WHEAT/SOYBEANS,WHEAT,SOYBEANS,1.5,0.75,36,0.8056,0.75,0.0339,0.0185,122.3,52,0.6154,0.5769,0.0275,0.016,86.8,17,32.7,5,29.4,-0.0025
WHEAT/SOYBEANS,WHEAT,SOYBEANS,1.25,0.1,36,0.8056,0.75,0.0339,0.0185,122.3,53,0.7358,0.6981,0.0164,0.0084,55.3,35,66.0,17,48.6,-0.0102
WHEAT/SOYBEANS,WHEAT,SOYBEANS,1.25,0.2,36,0.8056,0.75,0.0339,0.0185,122.3,53,0.6792,0.6226,0.0149,0.0061,61.7,33,62.3,15,45.5,-0.0124
WHEAT/SOYBEANS,WHEAT,SOYBEANS,1.25,0.3,36,0.8056,0.75,0.0339,0.0185,122.3,53,0.6981,0.6038,0.018,0.0087,67.1,29,54.7,13,44.8,-0.0098
WHEAT/SOYBEANS,WHEAT,SOYBEANS,1.25,0.5,36,0.8056,0.75,0.0339,0.0185,122.3,53,0.6226,0.566,0.0277,0.0171,77.9,21,39.6,8,38.1,-0.0014
WHEAT/SOYBEANS,WHEAT,SOYBEANS,1.25,0.75,36,0.8056,0.75,0.0339,0.0185,122.3,51,0.5882,0.549,0.0233,0.0117,88.0,18,35.3,7,38.9,-0.0068
WHEAT/SOYBEANS,WHEAT,SOYBEANS,1.0,0.1,36,0.8056,0.75,0.0339,0.0185,122.3,50,0.76,0.7,0.025,0.016,63.8,30,60.0,16,53.3,-0.0025
WHEAT/SOYBEANS,WHEAT,SOYBEANS,1.0,0.2,36,0.8056,0.75,0.0339,0.0185,122.3,50,0.72,0.64,0.0196,0.0103,66.9,30,60.0,16,53.3,-0.0082
WHEAT/SOYBEANS,WHEAT,SOYBEANS,1.0,0.3,36,0.8056,0.75,0.0339,0.0185,122.3,50,0.74,0.66,0.0201,0.0105,69.6,27,54.0,14,51.9,-0.008
WHEAT/SOYBEANS,WHEAT,SOYBEANS,1.0,0.5,36,0.8056,0.75,0.0339,0.0185,122.3,50,0.66,0.62,0.0189,0.0087,74.6,24,48.0,12,50.0,-0.0098
WHEAT/SOYBEANS,WHEAT,SOYBEANS,1.0,0.75,36,0.8056,0.75,0.0339,0.0185,122.3,49,0.6531,0.5918,0.0252,0.0138,85.8,17,34.7,8,47.1,-0.0047
WHEAT/SOYBEANS,WHEAT,SOYBEANS,0.75,0.1,36,0.8056,0.75,0.0339,0.0185,122.3,46,0.7826,0.7391,0.0311,0.0211,73.2,25,54.3,13,52.0,0.0026
WHEAT/SOYBEANS,WHEAT,SOYBEANS,0.75,0.2,36,0.8056,0.75,0.0339,0.0185,122.3,46,0.7826,0.7174,0.0297,0.0195,74.8,23,50.0,12,52.2,0.001
WHEAT/SOYBEANS,WHEAT,SOYBEANS,0.75,0.3,36,0.8056,0.75,0.0339,0.0185,122.3,46,0.7826,0.7174,0.028,0.0175,77.5,22,47.8,11,50.0,-0.001
WHEAT/SOYBEANS,WHEAT,SOYBEANS,0.75,0.5,36,0.8056,0.75,0.0339,0.0185,122.3,46,0.7609,0.6522,0.024,0.0132,80.5,20,43.5,11,55.0,-0.0053
WHEAT/SOYBEANS,WHEAT,SOYBEANS,0.75,0.75,36,0.8056,0.75,0.0339,0.0185,122.3,46,0.6739,0.6087,0.0209,0.0097,83.5,18,39.1,10,55.6,-0.0088
WHEAT/SOYBEANS,WHEAT,SOYBEANS,0.5,0.1,36,0.8056,0.75,0.0339,0.0185,122.3,45,0.8222,0.8,0.0336,0.0229,79.4,24,53.3,15,62.5,0.0044
WHEAT/SOYBEANS,WHEAT,SOYBEANS,0.5,0.2,36,0.8056,0.75,0.0339,0.0185,122.3,45,0.8222,0.7778,0.0331,0.0223,80.4,22,48.9,13,59.1,0.0038
WHEAT/SOYBEANS,WHEAT,SOYBEANS,0.5,0.3,36,0.8056,0.75,0.0339,0.0185,122.3,45,0.8,0.7333,0.032,0.021,82.1,21,46.7,12,57.1,0.0025
WHEAT/SOYBEANS,WHEAT,SOYBEANS,0.5,0.5,36,0.8056,0.75,0.0339,0.0185,122.3,45,0.8,0.7333,0.0303,0.0188,86.6,16,35.6,9,56.2,0.0003
WHEAT/SOYBEANS,WHEAT,SOYBEANS,0.5,0.75,36,0.8056,0.75,0.0339,0.0185,122.3,45,0.8,0.6889,0.0272,0.0156,87.6,16,35.6,9,56.2,-0.0029
PLATINUM/SOYBEANS,PLATINUM,SOYBEANS,1.5,0.1,31,0.7097,0.7097,0.0202,0.0036,133.5,59,0.6441,0.5593,0.0102,0.003,48.0,43,72.9,13,30.2,-0.0006
PLATINUM/SOYBEANS,PLATINUM,SOYBEANS,1.5,0.2,31,0.7097,0.7097,0.0202,0.0036,133.5,58,0.5862,0.5172,0.0089,0.0014,50.3,41,70.7,12,29.3,-0.0022
PLATINUM/SOYBEANS,PLATINUM,SOYBEANS,1.5,0.3,31,0.7097,0.7097,0.0202,0.0036,133.5,57,0.5789,0.4737,0.0151,0.0063,62.3,34,59.6,11,32.4,0.0027
PLATINUM/SOYBEANS,PLATINUM,SOYBEANS,1.5,0.5,31,0.7097,0.7097,0.0202,0.0036,133.5,55,0.5091,0.4909,0.0171,0.0069,75.1,27,49.1,8,29.6,0.0033
PLATINUM/SOYBEANS,PLATINUM,SOYBEANS,1.5,0.75,31,0.7097,0.7097,0.0202,0.0036,133.5,50,0.5,0.48,0.0161,0.0051,82.2,21,42.0,5,23.8,0.0015
PLATINUM/SOYBEANS,PLATINUM,SOYBEANS,1.25,0.1,31,0.7097,0.7097,0.0202,0.0036,133.5,48,0.7083,0.6667,0.0151,0.0063,62.4,33,68.8,13,39.4,0.0027
PLATINUM/SOYBEANS,PLATINUM,SOYBEANS,1.25,0.2,31,0.7097,0.7097,0.0202,0.0036,133.5,48,0.6667,0.625,0.0181,0.0078,75.2,27,56.2,10,37.0,0.0042
PLATINUM/SOYBEANS,PLATINUM,SOYBEANS,1.25,0.3,31,0.7097,0.7097,0.0202,0.0036,133.5,48,0.6667,0.6458,0.0202,0.0096,78.5,25,52.1,9,36.0,0.006
PLATINUM/SOYBEANS,PLATINUM,SOYBEANS,1.25,0.5,31,0.7097,0.7097,0.0202,0.0036,133.5,48,0.5833,0.5417,0.022,0.0109,82.9,21,43.8,7,33.3,0.0073
PLATINUM/SOYBEANS,PLATINUM,SOYBEANS,1.25,0.75,31,0.7097,0.7097,0.0202,0.0036,133.5,48,0.5625,0.5417,0.0218,0.0099,90.0,18,37.5,5,27.8,0.0063
PLATINUM/SOYBEANS,PLATINUM,SOYBEANS,1.0,0.1,31,0.7097,0.7097,0.0202,0.0036,133.5,39,0.7179,0.6667,0.0171,0.0056,86.4,20,51.3,11,55.0,0.002
PLATINUM/SOYBEANS,PLATINUM,SOYBEANS,1.0,0.2,31,0.7097,0.7097,0.0202,0.0036,133.5,39,0.6923,0.641,0.0194,0.0077,88.2,17,43.6,10,58.8,0.0041
PLATINUM/SOYBEANS,PLATINUM,SOYBEANS,1.0,0.3,31,0.7097,0.7097,0.0202,0.0036,133.5,39,0.6667,0.641,0.0157,0.004,89.0,17,43.6,10,58.8,0.0004
PLATINUM/SOYBEANS,PLATINUM,SOYBEANS,1.0,0.5,31,0.7097,0.7097,0.0202,0.0036,133.5,39,0.5897,0.5897,0.017,0.0044,97.1,14,35.9,8,57.1,0.0008
PLATINUM/SOYBEANS,PLATINUM,SOYBEANS,1.0,0.75,31,0.7097,0.7097,0.0202,0.0036,133.5,39,0.5897,0.5897,0.0181,0.005,101.6,11,28.2,7,63.6,0.0014
PLATINUM/SOYBEANS,PLATINUM,SOYBEANS,0.75,0.1,31,0.7097,0.7097,0.0202,0.0036,133.5,34,0.7353,0.6765,0.0152,0.002,101.8,13,38.2,8,61.5,-0.0015
PLATINUM/SOYBEANS,PLATINUM,SOYBEANS,0.75,0.2,31,0.7097,0.7097,0.0202,0.0036,133.5,34,0.7353,0.7059,0.0187,0.005,106.9,10,29.4,7,70.0,0.0014
PLATINUM/SOYBEANS,PLATINUM,SOYBEANS,0.75,0.3,31,0.7097,0.7097,0.0202,0.0036,133.5,34,0.7353,0.7059,0.0157,0.0019,107.4,10,29.4,7,70.0,-0.0017
PLATINUM/SOYBEANS,PLATINUM,SOYBEANS,0.75,0.5,31,0.7097,0.7097,0.0202,0.0036,133.5,34,0.7059,0.7059,0.0194,0.0052,111.3,7,20.6,5,71.4,0.0016
PLATINUM/SOYBEANS,PLATINUM,SOYBEANS,0.75,0.75,31,0.7097,0.7097,0.0202,0.0036,133.5,34,0.7059,0.7059,0.0187,0.004,115.9,6,17.6,4,66.7,0.0004
PLATINUM/SOYBEANS,PLATINUM,SOYBEANS,0.5,0.1,31,0.7097,0.7097,0.0202,0.0036,133.5,32,0.7188,0.7188,0.0105,-0.0036,110.2,14,43.8,9,64.3,-0.0072
PLATINUM/SOYBEANS,PLATINUM,SOYBEANS,0.5,0.2,31,0.7097,0.7097,0.0202,0.0036,133.5,32,0.7188,0.7188,0.0102,-0.0044,114.6,12,37.5,8,66.7,-0.008
PLATINUM/SOYBEANS,PLATINUM,SOYBEANS,0.5,0.3,31,0.7097,0.7097,0.0202,0.0036,133.5,32,0.7188,0.6875,0.0121,-0.0027,116.0,10,31.2,6,60.0,-0.0063
PLATINUM/SOYBEANS,PLATINUM,SOYBEANS,0.5,0.5,31,0.7097,0.7097,0.0202,0.0036,133.5,32,0.7188,0.6875,0.0183,0.003,121.4,5,15.6,3,60.0,-0.0006
PLATINUM/SOYBEANS,PLATINUM,SOYBEANS,0.5,0.75,31,0.7097,0.7097,0.0202,0.0036,133.5,32,0.6875,0.6875,0.0209,0.0052,124.8,3,9.4,1,33.3,0.0016
NATGAS/GOLD,NATGAS,GOLD,1.5,0.1,29,0.6207,0.5172,-0.0276,-0.0501,186.9,50,0.5,0.44,-0.0151,-0.0262,82.5,35,70.0,14,40.0,0.0239
NATGAS/GOLD,NATGAS,GOLD,1.5,0.2,29,0.6207,0.5172,-0.0276,-0.0501,186.9,50,0.52,0.46,-0.0165,-0.0281,88.0,33,66.0,12,36.4,0.0219
NATGAS/GOLD,NATGAS,GOLD,1.5,0.3,29,0.6207,0.5172,-0.0276,-0.0501,186.9,50,0.54,0.52,-0.0112,-0.0237,95.5,29,58.0,12,41.4,0.0264
NATGAS/GOLD,NATGAS,GOLD,1.5,0.5,29,0.6207,0.5172,-0.0276,-0.0501,186.9,47,0.4681,0.4468,-0.016,-0.0309,118.0,22,46.8,10,45.5,0.0192
NATGAS/GOLD,NATGAS,GOLD,1.5,0.75,29,0.6207,0.5172,-0.0276,-0.0501,186.9,42,0.5,0.4762,-0.0214,-0.0377,130.4,15,35.7,8,53.3,0.0124
NATGAS/GOLD,NATGAS,GOLD,1.25,0.1,29,0.6207,0.5172,-0.0276,-0.0501,186.9,38,0.5263,0.4211,-0.0259,-0.0384,96.3,28,73.7,9,32.1,0.0117
NATGAS/GOLD,NATGAS,GOLD,1.25,0.2,29,0.6207,0.5172,-0.0276,-0.0501,186.9,38,0.4737,0.3947,-0.0307,-0.0438,101.2,27,71.1,9,33.3,0.0063
NATGAS/GOLD,NATGAS,GOLD,1.25,0.3,29,0.6207,0.5172,-0.0276,-0.0501,186.9,38,0.5263,0.5,-0.0254,-0.04,115.0,22,57.9,9,40.9,0.0101
NATGAS/GOLD,NATGAS,GOLD,1.25,0.5,29,0.6207,0.5172,-0.0276,-0.0501,186.9,38,0.5526,0.5263,-0.0292,-0.0453,128.2,19,50.0,7,36.8,0.0048
NATGAS/GOLD,NATGAS,GOLD,1.25,0.75,29,0.6207,0.5172,-0.0276,-0.0501,186.9,38,0.5526,0.4737,-0.0186,-0.0372,151.4,10,26.3,5,50.0,0.0129
NATGAS/GOLD,NATGAS,GOLD,1.0,0.1,29,0.6207,0.5172,-0.0276,-0.0501,186.9,36,0.5556,0.5,-0.0209,-0.0365,123.9,21,58.3,8,38.1,0.0136
NATGAS/GOLD,NATGAS,GOLD,1.0,0.2,29,0.6207,0.5172,-0.0276,-0.0501,186.9,36,0.5556,0.4722,-0.025,-0.041,127.4,20,55.6,8,40.0,0.0091
NATGAS/GOLD,NATGAS,GOLD,1.0,0.3,29,0.6207,0.5172,-0.0276,-0.0501,186.9,36,0.5833,0.4444,-0.0211,-0.0375,131.5,17,47.2,6,35.3,0.0125
NATGAS/GOLD,NATGAS,GOLD,1.0,0.5,29,0.6207,0.5172,-0.0276,-0.0501,186.9,36,0.5833,0.4167,-0.0258,-0.0433,141.0,16,44.4,5,31.2,0.0068
NATGAS/GOLD,NATGAS,GOLD,1.0,0.75,29,0.6207,0.5172,-0.0276,-0.0501,186.9,36,0.6111,0.5,-0.022,-0.0405,151.0,12,33.3,4,33.3,0.0096
NATGAS/GOLD,NATGAS,GOLD,0.75,0.1,29,0.6207,0.5172,-0.0276,-0.0501,186.9,34,0.5294,0.5294,-0.0209,-0.0371,129.6,22,64.7,10,45.5,0.0129
NATGAS/GOLD,NATGAS,GOLD,0.75,0.2,29,0.6207,0.5172,-0.0276,-0.0501,186.9,34,0.5588,0.4706,-0.0215,-0.0381,133.4,20,58.8,8,40.0,0.012
NATGAS/GOLD,NATGAS,GOLD,0.75,0.3,29,0.6207,0.5172,-0.0276,-0.0501,186.9,34,0.5882,0.4118,-0.0214,-0.0388,140.3,17,50.0,5,29.4,0.0113
NATGAS/GOLD,NATGAS,GOLD,0.75,0.5,29,0.6207,0.5172,-0.0276,-0.0501,186.9,34,0.5882,0.4118,-0.0185,-0.0363,144.5,14,41.2,4,28.6,0.0137
NATGAS/GOLD,NATGAS,GOLD,0.75,0.75,29,0.6207,0.5172,-0.0276,-0.0501,186.9,34,0.5588,0.3824,-0.0249,-0.0435,151.6,13,38.2,3,23.1,0.0066
NATGAS/GOLD,NATGAS,GOLD,0.5,0.1,29,0.6207,0.5172,-0.0276,-0.0501,186.9,32,0.5625,0.5,-0.0299,-0.0489,156.0,12,37.5,9,75.0,0.0011
NATGAS/GOLD,NATGAS,GOLD,0.5,0.2,29,0.6207,0.5172,-0.0276,-0.0501,186.9,32,0.5625,0.5,-0.0327,-0.0519,156.9,12,37.5,9,75.0,-0.0018
NATGAS/GOLD,NATGAS,GOLD,0.5,0.3,29,0.6207,0.5172,-0.0276,-0.0501,186.9,32,0.5625,0.5312,-0.0303,-0.0497,158.3,10,31.2,7,70.0,0.0004
NATGAS/GOLD,NATGAS,GOLD,0.5,0.5,29,0.6207,0.5172,-0.0276,-0.0501,186.9,32,0.6562,0.5,-0.0239,-0.0437,163.0,6,18.8,3,50.0,0.0064
NATGAS/GOLD,NATGAS,GOLD,0.5,0.75,29,0.6207,0.5172,-0.0276,-0.0501,186.9,32,0.625,0.4688,-0.0245,-0.0447,166.0,5,15.6,2,40.0,0.0054
