pair,side,bl_net,bl_hold,entry_step_vel,vel_hold,vel_gross,vel_net,is_winner_vel,max_hold_exit
NATGAS/COPPER,1,0.056522101650950236,2,2,0,0.0,-0.002,False,False
NATGAS/COPPER,-1,0.06774921675260004,26,2,22,0.06606650112573409,0.0616555422216245,True,False
NATGAS/COPPER,1,0.06397072240202169,88,4,84,0.07587090391548502,0.06466542446343022,True,False
NATGAS/COPPER,-1,-0.029728528087433342,295,2,293,-0.0034582923454182595,-0.03756788138651415,False,False
NATGAS/COPPER,1,-0.28798948151093373,300,2,296,-0.25166812955305934,-0.2861064857174429,False,False
NATGAS/COPPER,1,0.07961818850913993,75,2,70,0.04082687431396567,0.031155641437253342,True,False
NATGAS/COPPER,-1,0.0761105277672482,46,2,44,0.06511852670406133,0.05829660889584215,True,False
NATGAS/COPPER,1,0.09907681618821483,10,2,8,0.0315994614659929,0.028722749137225775,True,False
NATGAS/COPPER,1,-0.3716523754275859,300,2,298,-0.3599992831542522,-0.3946568174008276,False,False
NATGAS/COPPER,-1,0.062436512739289136,77,2,73,0.06822807216559532,0.058228072165595314,True,False
NATGAS/COPPER,-1,0.025471765589632947,132,2,128,0.0036233214014097363,-0.012404075858864237,False,False
NATGAS/COPPER,1,-0.023760986519677577,251,3,246,0.006828373054274635,-0.022130531055314408,False,False
NATGAS/COPPER,-1,0.0857235971896088,34,2,30,0.07587764700240734,0.07058997576953063,True,False
NATGAS/COPPER,1,0.034089732088563224,166,6,155,0.10724686180340254,0.08826056043353953,True,False
NATGAS/COPPER,-1,0.03484582917400528,144,2,142,0.05493356516316531,0.03737192132754887,True,False
NATGAS/COPPER,-1,0.00975722715475888,180,3,175,0.07044275140336752,0.04926466921158669,True,False
NATGAS/COPPER,-1,0.101795152312327,43,2,41,0.06297544117573448,0.056482290490802965,True,False
NATGAS/COPPER,-1,0.055286530749506894,111,2,109,0.03711276396062982,0.023167558481177762,True,False
NATGAS/COPPER,-1,0.10208511390173237,43,3,38,0.11233264410518409,0.10616826054354025,True,False
NATGAS/COPPER,-1,0.06833327376704286,154,4,148,0.09873195606365438,0.0805127779814626,True,False
NATGAS/COPPER,1,-0.13259567664164626,300,2,298,-0.12896512261387522,-0.16362265686045058,False,False
NATGAS/COPPER,1,0.06412596540167419,182,4,175,0.09408158397546817,0.07290350178368735,True,False
NATGAS/COPPER,-1,-0.01965563255088132,202,11,187,0.05369627140415518,0.031203120719223668,True,False
NATGAS/COPPER,1,0.06771105420058175,80,4,73,0.059358448277294695,0.04935844827729469,True,False
NATGAS/COPPER,-1,0.0633815354926276,44,2,42,0.034517959100228326,0.027915219374200925,True,False
NATGAS/COPPER,1,0.06099515504490084,99,3,94,0.05906553919443444,0.04676416933142074,True,False
NATGAS/COPPER,1,-0.038461989869073204,272,4,266,0.004845665030314775,-0.026305019901192075,False,False
NATGAS/COPPER,-1,-0.06986912493789997,245,7,236,0.006760111793486407,-0.02110290190514373,False,False
NATGAS/COPPER,1,-0.00527895012064163,264,2,259,0.009734976859201145,-0.020648584784634473,False,False
NATGAS/COPPER,-1,0.11426277973654742,84,2,81,0.10255978415495276,0.09168307182618564,True,False
NATGAS/COPPER,1,0.10395051234371389,202,2,200,0.11807020389377657,0.09415239567459849,True,False
NATGAS/BRENT,1,0.08727472786553483,58,3,53,0.11424465241794375,0.10643643323986156,True,False
NATGAS/BRENT,-1,0.07865432841171431,106,2,104,0.09291528589971544,0.07951802562574284,True,False
NATGAS/BRENT,1,-0.19878888683297857,300,4,294,-0.15550540015955241,-0.1897245782417442,False,False
NATGAS/BRENT,1,0.02107324744373141,167,3,164,0.034982063767703124,0.015009461027977095,True,False
NATGAS/BRENT,-1,0.07010081532416935,115,2,111,0.06270920534125979,0.04854482177961595,True,False
NATGAS/BRENT,-1,0.03209657782451045,182,4,176,0.09483921714073845,0.07355154590786174,True,False
NATGAS/BRENT,-1,-0.4133414574657793,300,2,298,-0.38381072766812163,-0.418468261914697,False,False
NATGAS/BRENT,-1,0.10274234627621448,48,3,43,0.12246546787828752,0.11575313911116424,True,False
NATGAS/BRENT,-1,0.04987185897609075,29,2,27,0.04475484418894369,0.03979594007935465,True,False
NATGAS/BRENT,1,-0.21797523029697408,300,4,294,-0.1742629722104212,-0.20848215029261297,False,False
NATGAS/BRENT,-1,0.05603509863403366,149,3,146,0.13837676593606124,0.12037676593606124,True,False
NATGAS/BRENT,1,0.09780194216647302,43,2,41,0.07611675477911443,0.06962360409418293,True,False
NATGAS/BRENT,-1,0.08530730450088578,108,2,106,0.10564059096080915,0.09202415260464476,True,False
NATGAS/BRENT,-1,0.13307185053097287,84,2,80,0.13358365194990915,0.12281652866223791,True,False
NATGAS/BRENT,-1,0.07854756770241607,88,2,84,0.0880906516576186,0.0768851722055638,True,False
NATGAS/BRENT,1,0.10205622812355039,141,5,134,0.13598540359825811,0.1193004720914088,True,False
NATGAS/BRENT,1,0.1106095676648387,78,2,73,0.10663278798230486,0.09663278798230485,True,False
NATGAS/BRENT,-1,0.0695205980669286,13,2,11,0.06800789756470735,0.06480241811265255,True,False
NATGAS/BRENT,1,0.03852750850647205,95,7,83,0.10355052436166647,0.09245463395070756,True,False
NATGAS/BRENT,-1,-0.10505270535123909,300,3,295,-0.05827784491500241,-0.09260661203829008,False,False
NATGAS/BRENT,-1,0.06390436652908461,72,5,65,0.08357600076684185,0.07445271309560897,True,False
NATGAS/BRENT,-1,0.0916321892318256,28,4,22,0.1360153734856673,0.13160441458155772,True,False
NATGAS/COFFEE,1,0.05886234597963268,23,2,21,0.055647597826719505,0.051346227963705804,True,False
NATGAS/COFFEE,-1,0.0599066882935666,8,3,5,0.05299748048562447,0.050449535280145015,True,False
NATGAS/COFFEE,1,0.07574149145825639,34,2,32,0.07270635215139094,0.06719950283632245,True,False
NATGAS/COFFEE,-1,0.06431532216207797,63,5,56,0.07512487071635147,0.0669878844149816,True,False
NATGAS/COFFEE,1,0.06885675403591325,46,2,42,0.03692078055643951,0.03031804083041211,True,False
NATGAS/COFFEE,-1,0.013349237704814994,228,2,224,0.024915711514568124,-0.001632233690911332,False,False
NATGAS/COFFEE,1,0.0621079928475781,94,2,92,0.06877007587771475,0.05668788409689283,True,False
NATGAS/COFFEE,1,0.08288996064634292,25,2,21,0.08810594739725545,0.08380457753424175,True,False
NATGAS/COFFEE,1,-0.032035742427940814,222,2,218,-0.011839295260254817,-0.03772970621915893,False,False
NATGAS/COFFEE,-1,0.18509543765012848,108,2,106,0.17513173117805078,0.1615152928218864,True,False
NATGAS/COFFEE,1,0.12088083009011298,44,2,42,0.10833824272340901,0.10173550299738161,True,False
NATGAS/COFFEE,-1,0.06797738114336728,23,3,20,0.07164914234302458,0.06745736152110678,True,False
NATGAS/COFFEE,1,0.08578802234977616,43,3,40,0.13467281768435563,0.12828925604052002,True,False
NATGAS/COFFEE,-1,0.0950973554711306,50,2,48,0.09945535532760039,0.09219508135499764,True,False
NATGAS/COFFEE,1,-0.12485177792791594,300,7,288,-0.043316436177643414,-0.07687808001325985,False,False
NATGAS/COFFEE,1,-0.33036462472813244,300,6,290,-0.27076050306013527,-0.3045413249779435,False,False
NATGAS/COFFEE,1,0.09399918459293607,119,2,117,0.10337985528145714,0.08855793747323797,True,False
NATGAS/COFFEE,-1,-0.24074598024080682,301,2,299,-0.2323563814912589,-0.26712350477893015,False,False
NATGAS/COFFEE,-1,0.0056453777771928865,301,2,299,0.032197245470995915,-0.0025698778166753228,False,False
NATGAS/COFFEE,1,-0.12376169071203527,301,4,297,-0.08753896916020203,-0.12208691436568148,False,False
NATGAS/COFFEE,1,0.07241808798481172,28,2,24,0.07878577880072088,0.07415564181441951,True,False
NATGAS/COFFEE,1,0.0576108983117873,118,2,114,0.01300804986960421,-0.0014851008153272966,False,False
NATGAS/COFFEE,1,0.07557574669270443,31,3,28,0.04531553232610311,0.04024703917541818,True,False
NATGAS/COFFEE,-1,0.0762624616403751,78,7,67,0.10075305500235075,0.09141058924892609,True,False
NATGAS/COFFEE,-1,0.060615058805431915,93,2,91,0.07282850807193367,0.06085590533220764,True,False
NATGAS/COFFEE,-1,0.06022900188545075,26,2,21,0.06465683670574865,0.06035546684273495,True,False
NATGAS/COFFEE,-1,-0.20523496857082513,300,2,298,-0.17297963604991154,-0.20763717029648687,False,False
NATGAS/COFFEE,1,-0.04248478380093343,300,2,296,-0.011045001303116735,-0.0454833574675003,False,False
NATGAS/COFFEE,-1,0.12435025491270404,56,3,51,0.12096265513943352,0.11337361404354311,True,False
NATGAS/COFFEE,1,0.10308792308928943,130,2,125,0.10684932894510514,0.09115069880811884,True,False
NATGAS/COFFEE,1,0.053342724816111145,127,2,125,0.054754360518775184,0.03905573038178888,True,False
NATGAS/COFFEE,-1,0.10382197259371027,80,2,78,0.10409011431029982,0.09354216910482037,True,False
NATGAS/COFFEE,1,0.13065293606500084,77,2,73,0.12687403061794453,0.11687403061794452,True,False
NATGAS/COFFEE,1,-0.1287725719546427,300,3,295,-0.08543579381074637,-0.11976456093403404,False,False
NATGAS/COFFEE,1,0.0764302801248352,138,2,134,0.08191327550407024,0.06522834399722093,True,False
NATGAS/COFFEE,1,0.09575087587217106,83,2,79,0.09715253602045525,0.0864950017738799,True,False
NATGAS/SUGAR,1,0.09902074368085063,20,2,18,0.08667290318194246,0.08270030044221643,True,False
NATGAS/SUGAR,1,0.10554124243029327,22,2,20,0.09324403855565415,0.08905225773373635,True,False
NATGAS/SUGAR,-1,-0.0024273284494905206,238,2,236,0.01303367922153837,-0.014829334477091767,False,False
NATGAS/SUGAR,-1,0.06289496205999152,161,2,159,0.08428877323097174,0.06486411569672516,True,False
NATGAS/SUGAR,-1,0.03299182149310566,153,2,149,0.042214941437387306,0.02388617431409963,True,False
NATGAS/SUGAR,1,0.05619013159073998,122,6,111,0.0963263690742863,0.08216198551264245,True,False
NATGAS/SUGAR,-1,0.05623539333422589,42,2,40,0.0631490168738224,0.056765455229986786,True,False
NATGAS/SUGAR,1,-0.297610176713891,301,2,299,-0.26504069341717607,-0.2998078167048473,False,False
NATGAS/SUGAR,-1,0.11970399923711333,64,2,60,0.11528240288547109,0.10670706041971767,True,False
NATGAS/SUGAR,1,0.08974357905836924,74,2,69,0.06867910433205146,0.05911746049643502,True,False
NATGAS/SUGAR,-1,0.1210162849358874,46,2,41,0.12549068203908756,0.11899753135415606,True,False
NATGAS/SUGAR,1,-0.2778907318730865,300,2,298,-0.24091333245390822,-0.2755708667004836,False,False
NATGAS/SUGAR,1,0.08795052269019385,209,2,207,0.11500909886652581,0.0903241673596765,True,False
NATGAS/SUGAR,-1,0.10544227699332369,103,2,99,0.12018578421272874,0.10733646914423559,True,False
NATGAS/SUGAR,1,0.06570929285664116,213,2,211,0.06688925896522951,0.04176597129399663,True,False
NATGAS/SUGAR,1,0.045815711614026366,128,7,116,0.12779755604909276,0.11308522728196947,True,False
NATGAS/SUGAR,-1,-0.12244317506625284,300,2,298,-0.09986730349804038,-0.1345248377446157,False,False
NATGAS/SUGAR,-1,-0.0010181666684752969,160,7,149,0.055852025923461966,0.03752325880017429,True,False
NATGAS/SUGAR,1,0.09267455601220967,45,2,43,0.10169438652918278,0.0949820577620595,True,False
NATGAS/SUGAR,-1,0.05428548445852014,111,4,105,0.08550751453821226,0.07200066522314376,True,False
NATGAS/SUGAR,1,-0.14639965405045768,300,4,294,-0.058725095840928346,-0.09294427392312013,False,False
NATGAS/SUGAR,-1,0.09458307020533391,60,2,58,0.08301981788752434,0.0746636535039627,True,False
NATGAS/SUGAR,-1,-0.03385849430530629,248,2,246,-0.018551220772716648,-0.04751012488230569,False,False
NATGAS/SUGAR,-1,0.1137271845701777,15,2,13,0.11585018763201746,0.11242553009777088,True,False
NATGAS/SUGAR,-1,0.016495930684610624,184,2,182,0.02246708342852574,0.0005218779490736847,True,False
NATGAS/SUGAR,-1,0.08399559763031567,79,2,77,0.09891377741361056,0.088475421249227,True,False
NATGAS/SUGAR,1,0.045237093395047584,109,4,102,0.049552113422859666,0.03637403123107884,True,False
NATGAS/SUGAR,-1,0.0778193078176856,51,2,49,0.06975726894188716,0.06238740592818853,True,False
NATGAS/SUGAR,-1,0.0757588701193518,8,2,6,0.04811682482826353,0.04545929058168818,True,False
NATGAS/SUGAR,-1,-0.019501869068394188,286,2,282,-0.023365088565403133,-0.05626919815444423,False,False
NATGAS/SUGAR,1,-0.2335566425091166,300,7,291,-0.13513291604268773,-0.16902332700159184,False,False
NATGAS/SUGAR,-1,0.025577435852348875,141,3,136,0.042721223624571765,0.025817114035530667,True,False
NATGAS/SUGAR,-1,-0.1336270841146669,300,2,296,-0.09809457242640042,-0.13253292859078397,False,False
NATGAS/SOYBEANS,1,0.07468146185831209,100,8,90,0.1627772537789261,0.15091424008029597,True,False
NATGAS/SOYBEANS,-1,0.15872090795706428,64,2,62,0.15995501310148116,0.15116049255353595,True,False
NATGAS/SOYBEANS,1,-0.1222544223418241,301,2,299,-0.08990578604056272,-0.12467290932823397,False,False
NATGAS/SOYBEANS,-1,0.05167195523640039,231,2,229,0.07292064322383975,0.04582475281288084,True,False
NATGAS/SOYBEANS,-1,0.01907564260348261,156,7,147,0.09327158052861735,0.07516199148752145,True,False
NATGAS/SOYBEANS,1,-0.2740553848449227,300,6,292,-0.2428877212139577,-0.2768877212139577,False,False
NATGAS/SOYBEANS,1,-0.022268884354621425,300,2,298,-0.009941474904151884,-0.04459900915072723,False,False
NATGAS/SOYBEANS,1,-0.08431493912213883,281,2,279,-0.07848797617981208,-0.11106331864556551,False,False
NATGAS/SOYBEANS,-1,0.0924384776568429,79,2,77,0.1032216480170906,0.09278329185270705,True,False
NATGAS/SOYBEANS,1,-0.19615513401263193,300,3,295,-0.1469243900267949,-0.18125315715008256,False,False
NATGAS/SOYBEANS,1,-0.22106703817046255,300,3,294,-0.17740906691183334,-0.2116282449940251,False,False
NATGAS/SOYBEANS,-1,0.08883455927113988,100,2,98,0.0800289996289997,0.06728927360160245,True,False
NATGAS/SOYBEANS,-1,-0.014724345556581607,223,3,218,0.005982650774901417,-0.01990776018400269,False,False
NATGAS/SOYBEANS,-1,0.0450401060267957,118,4,111,0.046420125664348756,0.03225574210270492,True,False
NATGAS/SOYBEANS,1,0.0817451415610801,15,5,8,0.09772387134429655,0.09484715901552943,True,False
NATGAS/SOYBEANS,1,-0.0005321600834636425,160,5,153,0.032617297944202185,0.013850174656530951,True,False
NATGAS/SOYBEANS,-1,0.10832314400889131,47,2,45,0.10736548457136666,0.10043397772205159,True,False
NATGAS/SOYBEANS,1,0.06622490892545371,115,5,107,0.09671907250090452,0.08299304510364423,True,False
NATGAS/SOYBEANS,-1,-0.06625093437306474,300,2,296,-0.031795982576511984,-0.06623433874089554,False,False
NATGAS/SOYBEANS,1,0.06696753182981206,118,2,115,0.07520257551432105,0.06059983578829365,True,False
NATGAS/SOYBEANS,1,-0.24738552408341405,301,2,299,-0.21343998828560753,-0.24820711157327877,False,False
NATGAS/SOYBEANS,1,0.1508294224929338,87,2,85,0.13224438042376796,0.12092931193061728,True,False
NATGAS/SOYBEANS,-1,0.08406672313631959,72,3,69,0.10731844746020193,0.09775680362458548,True,False
NATGAS/SOYBEANS,-1,-0.2892590312023389,301,8,291,-0.23747873990429139,-0.2713691508631955,False,False
NATGAS/SOYBEANS,-1,0.057393882575002365,15,4,9,0.12511152346613036,0.12212522209626735,True,False
SILVER/COFFEE,-1,0.07647095296879033,57,3,54,0.1055392771882995,0.09762146896912141,True,False
SILVER/COFFEE,-1,0.07110888237332752,70,2,67,0.07338315284863298,0.06404068709520831,True,False
SILVER/COFFEE,-1,0.05893483755704742,69,2,67,0.05386781844636978,0.04452535269294512,True,False
SILVER/COFFEE,1,-0.04224448094986249,301,2,299,-0.013251157325813943,-0.048018280613485176,False,False
SILVER/COFFEE,-1,0.07782970330020661,37,2,35,0.07236183005405843,0.06652621361570225,True,False
SILVER/COFFEE,-1,-0.010737327436478202,194,3,189,-0.005066215264426843,-0.02777854403155013,False,False
SILVER/COFFEE,1,-0.029363104047978587,272,2,268,-0.017553187210306243,-0.04892305022400488,False,False
SILVER/COFFEE,-1,-0.2725823266292798,301,6,293,-0.1875248823111063,-0.2216344713522022,False,False
SILVER/COFFEE,1,0.04688858559361249,77,7,68,0.057273427022979585,0.04782137222845904,True,False
SILVER/COFFEE,-1,0.12294489154264693,98,2,96,0.09026262855564696,0.07774208061044148,True,False
SILVER/COFFEE,1,0.06117915025863499,175,2,173,0.07698830361121291,0.05602939950162386,True,False
SILVER/COFFEE,-1,0.035967657549198305,26,2,22,0.040236096397636985,0.03582513749352739,True,False
SILVER/COFFEE,-1,0.061683967698266,31,2,29,0.06477746904881132,0.0595993868570305,True,False
SILVER/COFFEE,1,0.0316233583966802,113,2,111,0.029502057081111564,0.015337673519467729,True,False
SILVER/COFFEE,-1,0.10501883377174116,15,2,10,0.09296441342982434,0.08986852301886543,True,False
SILVER/COFFEE,-1,0.07216704119357194,98,2,96,0.0859382363949461,0.07341768844974063,True,False
SILVER/COFFEE,-1,0.0033953528264675584,147,3,144,0.030801188847023844,0.013020366929215627,True,False
SILVER/COFFEE,-1,0.01426577849437758,180,3,175,0.010336205295369827,-0.010841876896410996,False,False
SILVER/COFFEE,1,0.09570699085892564,123,2,119,0.09862021721465745,0.0835791213242465,True,False
SILVER/COFFEE,1,-0.3109517493220178,301,3,298,-0.283882488823296,-0.31854002306987134,False,False
SILVER/COFFEE,1,0.07105665480821952,20,2,15,0.05324133578495475,0.04959750016851639,True,False
SILVER/COFFEE,-1,0.05393826670891434,32,2,27,0.03481459101929392,0.029855686909704877,True,False
SILVER/COFFEE,-1,0.041722917690648204,49,4,43,0.060972593235514565,0.05426026446839127,True,False
SILVER/COFFEE,-1,0.04719693492900243,58,3,55,0.0658005843653204,0.05777318710504642,True,False
SILVER/COFFEE,1,0.07801539572458802,122,3,119,0.09605169572415452,0.08101059983374356,True,False
SILVER/COFFEE,-1,0.05328268704641124,10,3,7,0.06279197922231627,0.06002485593464504,True,False
SILVER/COFFEE,-1,0.054763223551647,36,2,32,0.028325689422615593,0.022818840107547103,True,False
SILVER/COFFEE,1,0.028922390579130774,64,4,58,0.08792783912432446,0.07957167474076282,True,False
SILVER/COFFEE,-1,0.06256572807314816,91,2,89,0.07245731516730959,0.06070389050977534,True,False
SILVER/COFFEE,-1,0.07580187617640086,106,2,104,0.07453463079365402,0.06113737051968142,True,False
SILVER/COFFEE,1,0.1643673895980676,65,5,58,0.23523843024114033,0.22688226585757867,True,False
SILVER/COFFEE,-1,0.0841154598049896,245,2,243,0.07317527573058522,0.04454513874428384,True,False
SILVER/COFFEE,1,-0.20049920707242883,300,2,295,-0.17080976941722287,-0.20513853654051054,False,False
SILVER/COFFEE,1,0.15316813501015578,63,2,61,0.16540488173558032,0.156719950228731,True,False
SILVER/COFFEE,-1,0.0889485251486876,99,2,97,0.10022904384408948,0.08759890685778811,True,False
SILVER/COFFEE,1,0.06950460408241113,95,3,92,0.06126959680286837,0.04918740502204645,True,False
SILVER/COFFEE,-1,0.0955301826831322,15,2,13,0.06055676995690455,0.05713211242265798,True,False
SILVER/COFFEE,1,0.0033290813009117168,203,4,196,0.012882220946020345,-0.010597231108774178,False,False
WHEAT/BRENT,-1,0.1576135985311736,175,2,170,0.15655521133849823,0.13592507435219686,True,False
WHEAT/BRENT,1,0.08765120621563428,55,4,48,0.08768491950867961,0.08042464553607687,True,False
WHEAT/BRENT,-1,0.04487004521560373,222,2,218,0.06822752992219831,0.0423371189632942,True,False
WHEAT/BRENT,1,0.09289581370886527,71,3,66,0.09485133542065818,0.08561845870832942,True,False
WHEAT/BRENT,-1,-0.002038887023287292,202,9,189,0.10665480254142495,0.08394247377430167,True,False
WHEAT/BRENT,1,0.023120483501925557,212,3,209,0.06308644217971605,0.03818233259067495,True,False
WHEAT/BRENT,1,0.08718579641447655,117,4,111,0.11157499563172205,0.0974106120700782,True,False
WHEAT/BRENT,-1,-0.324018393101424,300,2,298,-0.3062144089518115,-0.3408719431983869,False,False
WHEAT/BRENT,-1,0.12398779423703898,87,2,85,0.12121907711814756,0.10990400862499687,True,False
WHEAT/BRENT,1,-0.08295659306740477,300,4,293,-0.04140594312246933,-0.07551553216356521,False,False
WHEAT/BRENT,-1,0.08679505960670583,62,4,56,0.11076224565670038,0.10262525935533051,True,False
WHEAT/BRENT,1,0.10666954057740193,101,2,99,0.10125864714649505,0.08840933207800189,True,False
WHEAT/BRENT,1,0.10590410022636401,30,2,28,0.08619823755404087,0.08112974440335594,True,False
WHEAT/BRENT,-1,0.032281586595675385,99,2,97,0.031928936245937484,0.01929879925963611,True,False
WHEAT/BRENT,-1,-0.20553439791301925,301,2,299,-0.18806475361554487,-0.2228318769032161,False,False
WHEAT/BRENT,1,0.12318090688468726,10,2,6,0.11371047911039439,0.11105294486381904,True,False
WHEAT/BRENT,-1,0.0673801533002854,34,2,30,0.05454186232420054,0.049254191091323826,True,False
WHEAT/BRENT,1,0.0775283401470696,26,2,22,0.07881391783148299,0.0744029589273734,True,False
WHEAT/BRENT,-1,0.09597925348828115,20,2,16,0.08899898656216061,0.08524556190462636,True,False
WHEAT/BRENT,1,0.06863371855027386,77,2,72,0.056616784592199224,0.04672637363329511,True,False
WHEAT/BRENT,1,0.055334154877838944,42,2,40,0.008094663096889032,0.0017111014530534156,True,False
WHEAT/BRENT,-1,0.06271233499618607,8,2,4,0.057211623888996296,0.05477326772461273,True,False
WHEAT/BRENT,1,0.0246992640535489,124,2,120,0.020893220564960416,0.005742535633453564,True,False
WHEAT/BRENT,-1,0.07337145601555618,51,2,49,0.030196387128098977,0.022826524114400348,True,False
WHEAT/BRENT,-1,0.07242128125783494,35,2,33,0.0707122380434624,0.065095799687298,True,False
WHEAT/BRENT,-1,0.04922932268304441,68,2,66,0.026221128181273895,0.016988251468945125,True,False
SOYBEANS/WHEAT,1,0.05491919657602034,143,3,138,0.09273115135301906,0.07560786368178618,True,False
SOYBEANS/WHEAT,1,0.12034466735291365,48,2,44,0.11172460226970629,0.10490268446148711,True,False
SOYBEANS/WHEAT,-1,0.08369013409293388,111,2,107,0.08299978649007861,0.06927375909281833,True,False
SOYBEANS/WHEAT,-1,-0.018887271219230582,291,2,289,0.009462731690883693,-0.024208501185828638,False,False
SOYBEANS/WHEAT,1,0.052047489319218675,54,10,40,0.102386220872522,0.09600265922868638,True,False
SOYBEANS/WHEAT,1,-0.17396787180336956,300,2,295,-0.15416016058554083,-0.1884889277088285,False,False
SOYBEANS/WHEAT,-1,0.13785177086506625,24,2,22,0.12224270999217016,0.11783175108806057,True,False
SOYBEANS/WHEAT,-1,-0.0074751842139019475,238,3,235,0.022875719057652222,-0.004877705599882022,False,False
SOYBEANS/WHEAT,-1,0.059741455174816174,21,6,10,0.09121798759933188,0.08812209718837297,True,False
SOYBEANS/WHEAT,-1,0.050522427434135396,75,5,68,0.0769404070336212,0.06748835223910066,True,False
SOYBEANS/WHEAT,1,0.03991550738590211,97,2,93,0.04751118380492923,0.03531940298301142,True,False
SOYBEANS/WHEAT,1,0.0315479755578161,97,2,95,0.043327637875789145,0.030916678971679552,True,False
SOYBEANS/WHEAT,-1,0.0022302536150541237,191,2,189,0.020035147955010803,-0.002677180812112486,False,False
SOYBEANS/WHEAT,-1,0.06499912420473308,51,2,49,0.06444176584766759,0.05707190283396896,True,False
SOYBEANS/WHEAT,-1,0.09817055330345549,10,2,6,0.02721477605207124,0.024557241805495896,True,False
SOYBEANS/WHEAT,-1,0.0598792323409851,60,4,54,0.0684891872147629,0.06057137899558481,True,False
SOYBEANS/WHEAT,-1,0.0926217994648546,16,2,14,0.08089316090752849,0.07735891433218602,True,False
SOYBEANS/WHEAT,1,0.0641216709263219,150,3,145,0.11840856543160132,0.10051815447269721,True,False
SOYBEANS/WHEAT,1,0.05288410146310337,68,2,66,0.04335434748532356,0.034121470772994794,True,False
SOYBEANS/WHEAT,-1,-0.15516626767543248,301,3,298,-0.11820123815970965,-0.15285877240628498,False,False
SOYBEANS/WHEAT,1,0.03577507233644377,158,2,153,0.05137113899807848,0.03260401571040725,True,False
SOYBEANS/WHEAT,1,-0.09996588735105504,294,2,292,-0.06988625139296478,-0.10388625139296478,False,False
SOYBEANS/WHEAT,1,0.030933068084116166,201,2,197,0.0426008477940978,0.019011806698207387,True,False
SOYBEANS/WHEAT,-1,-0.28373845817437815,300,2,296,-0.27340109167953563,-0.3078394478439192,False,False
SOYBEANS/WHEAT,1,0.1743668466053089,83,2,81,0.17770586717079576,0.16682915484202862,True,False
SOYBEANS/WHEAT,1,0.10696706100031698,119,3,114,0.1138727766574588,0.0993796259725273,True,False
SOYBEANS/WHEAT,-1,0.06554266614810161,22,2,20,0.052195363160688575,0.048003582338770764,True,False
SOYBEANS/WHEAT,-1,0.07826174386796746,19,2,14,0.06243861236650284,0.058904365791160374,True,False
SOYBEANS/WHEAT,1,-0.1884879386667313,300,2,298,-0.15363822376111014,-0.1882957580076855,False,False
SOYBEANS/WHEAT,-1,-0.006959490732300649,217,2,213,0.006027018647108386,-0.019315447106316275,False,False
SOYBEANS/PLATINUM,1,0.08754067645245348,73,5,66,0.1306464948050297,0.12141361809270095,True,False
SOYBEANS/PLATINUM,-1,0.094028627610184,120,3,115,0.11737648098276729,0.1027737412567399,True,False
SOYBEANS/PLATINUM,1,0.03911161244276365,282,2,280,0.03501680537285083,0.0023318738660015152,True,False
SOYBEANS/PLATINUM,1,-0.29277905749037014,300,5,293,-0.24893578979132688,-0.28304537883242276,False,False
SOYBEANS/PLATINUM,-1,0.05032061452211512,181,2,179,0.07102087844823769,0.04940444009207331,True,False
SOYBEANS/PLATINUM,-1,-0.020854111147230125,272,2,270,0.006453563527003915,-0.025135477568886497,False,False
SOYBEANS/PLATINUM,-1,0.05292429458616719,31,2,29,0.04638004001394431,0.04120195782216349,True,False
SOYBEANS/PLATINUM,-1,0.03386022393330386,41,2,37,0.04120057015895927,0.03514577563841132,True,False
SOYBEANS/PLATINUM,-1,-0.10411309635571517,237,3,232,-0.08517187219606163,-0.11259652973030822,False,False
SOYBEANS/PLATINUM,-1,0.14102346630328552,19,2,15,0.13420094054259682,0.13055710492615846,True,False
SOYBEANS/PLATINUM,1,0.06545866635490895,112,6,102,0.13253211989895372,0.1193540377071729,True,False
SOYBEANS/PLATINUM,-1,-0.040387561075777255,252,2,250,-0.02829393068427666,-0.05769119095824926,False,False
SOYBEANS/PLATINUM,-1,0.07976810010149675,55,2,53,0.0877543221436297,0.07994610296554751,True,False
SOYBEANS/PLATINUM,1,0.07646615425780764,32,2,27,0.06413579881920582,0.059176894709616776,True,False
SOYBEANS/PLATINUM,-1,0.039310541328353724,102,3,97,0.04675248564283905,0.034122348656537675,True,False
SOYBEANS/PLATINUM,1,0.09825214548269015,36,2,34,0.10349858609831998,0.0977725587010597,True,False
SOYBEANS/PLATINUM,1,0.04469141470411066,197,6,188,0.12803520931856696,0.10543246959253956,True,False
SOYBEANS/PLATINUM,-1,0.12099336707907768,27,4,21,0.1163074776226067,0.112006107759593,True,False
SOYBEANS/PLATINUM,-1,-0.34409824011119367,301,2,299,-0.32843443366803404,-0.3632015569557053,False,False
SOYBEANS/PLATINUM,-1,-0.01408320581972525,241,2,237,0.014378416727758973,-0.013594186011967055,False,False
SOYBEANS/PLATINUM,1,0.12001059852813988,36,5,29,0.14241327256039585,0.13723519036861503,True,False
SOYBEANS/PLATINUM,1,-0.2616286949269765,300,4,293,-0.23032283760021274,-0.2644324266413086,False,False
SOYBEANS/PLATINUM,1,-0.14535463618153016,300,2,298,-0.15234533225349026,-0.1870028665000656,False,False
GOLD/NATGAS,-1,0.0853748063744717,185,3,182,0.12479976040070648,0.10285455492125442,True,False
GOLD/NATGAS,1,0.07174917491923241,98,2,94,0.07796601077866047,0.06566464091564678,True,False
GOLD/NATGAS,1,0.030229373799692625,152,3,147,0.14519909075936366,0.12708950171826777,True,False
GOLD/NATGAS,-1,0.029924917661727078,215,3,210,0.06417469034350098,0.039160991713364,True,False
GOLD/NATGAS,1,0.08596109227885941,19,2,15,0.08567378205064193,0.08202994643420357,True,False
GOLD/NATGAS,1,0.029480552895927204,138,3,133,0.04532399375546906,0.028748651289715633,True,False
GOLD/NATGAS,-1,-0.24742579909449364,300,8,287,-0.13339910544568598,-0.16685116024020652,False,False
GOLD/NATGAS,-1,0.06323659359455071,27,3,22,0.07400079935350319,0.0695898404493936,True,False
GOLD/NATGAS,-1,-0.07308785041346229,245,2,241,-0.053474484860662586,-0.08188544376477218,False,False
GOLD/NATGAS,-1,-0.17273625499636147,300,2,298,-0.13900251253070608,-0.17366004677728142,False,False
GOLD/NATGAS,1,0.07703074401630848,24,2,20,0.05427214652517232,0.05008036570325451,True,False
GOLD/NATGAS,-1,0.04919946809999416,89,2,85,0.047421321212522086,0.0361062527193714,True,False
GOLD/NATGAS,-1,-0.19639299164013563,300,3,295,-0.16018028725005637,-0.19450905437334404,False,False
GOLD/NATGAS,-1,-0.18000150450841682,300,10,286,-0.044415947053637835,-0.0777584128070625,False,False
GOLD/NATGAS,1,-0.3295523483230387,300,3,295,-0.29198449587294906,-0.32631326299623675,False,False
GOLD/NATGAS,1,-0.038579046779027654,300,2,298,-0.03855527705722634,-0.0732128113038017,False,False
GOLD/NATGAS,-1,0.06574686482314705,53,2,51,0.028235592468570214,0.020646551372679803,True,False
GOLD/NATGAS,-1,0.09435247457816125,7,2,5,0.022306477464433424,0.019758532258953975,True,False
GOLD/NATGAS,-1,0.03886852177698356,114,4,107,0.09225480767363192,0.07852878027637164,True,False
GOLD/NATGAS,1,0.03730045305856863,245,8,233,0.12567771890446175,0.09814347232911928,True,False
GOLD/NATGAS,-1,0.03776314908875472,99,2,97,0.04133536791423128,0.028705230927929905,True,False
GOLD/NATGAS,1,-0.030397405448580925,238,2,236,-0.011513992720376,-0.03937700641900614,False,False
GOLD/NATGAS,-1,-0.3765600898204229,300,2,296,-0.3428471651972013,-0.3772855213615849,False,False
GOLD/NATGAS,-1,0.06885747413453802,175,2,171,0.0328877599751123,0.012148033947715037,True,False
GOLD/NATGAS,1,-0.12361836327729361,300,3,297,-0.08450872875671056,-0.11905667396219002,False,False
GOLD/NATGAS,1,0.1843052860501069,40,2,36,0.14196355863279098,0.13601835315333893,True,False
GOLD/NATGAS,1,-0.00265540151439371,239,2,237,0.01033250062366025,-0.01764010211606578,False,False
GOLD/NATGAS,-1,0.07687855858589172,194,2,190,0.083874913805024,0.06105299599680482,True,False
GOLD/NATGAS,-1,-0.0927528251877468,288,6,279,-0.060366602764398015,-0.09294194523015144,False,False
GOLD/NATGAS,-1,-0.34016982705521637,300,8,287,-0.21783621147819274,-0.2512882662727133,False,False
COPPER/NATGAS,1,0.062431861255975905,48,2,46,0.0638262974428276,0.056785201552416634,True,False
COPPER/NATGAS,-1,0.07331850327144851,49,2,45,0.0783416127986344,0.07141010594931933,True,False
COPPER/NATGAS,1,-0.06541689449755908,300,3,297,-0.018688993031833637,-0.05323693823731309,False,False
COPPER/NATGAS,-1,-0.28982812208897935,300,5,293,-0.21022630465139416,-0.24433589369249006,False,False
COPPER/NATGAS,-1,0.0704154830591457,47,2,42,0.03129026974071339,0.024687530014685988,True,False
COPPER/NATGAS,1,0.04790950403875569,73,4,69,0.06886971362998066,0.059308069794364225,True,False
COPPER/NATGAS,-1,-0.4565356626505024,300,2,298,-0.47495325673582517,-0.5096107909824005,False,False
COPPER/NATGAS,1,0.1052391490422758,78,4,74,0.13638234791130568,0.12627275887020978,True,False
COPPER/NATGAS,1,0.04903998179602493,147,2,143,0.026971356744306133,0.009300123867593803,True,False
COPPER/NATGAS,-1,0.12515515878856157,119,3,114,0.15468374071973917,0.14019059003480766,True,False
COPPER/NATGAS,1,0.10754833000883265,56,2,54,0.08823687016095379,0.08031906194177571,True,False
COPPER/NATGAS,-1,-0.018790894556622306,217,3,212,0.008017145223036612,-0.017215731489292157,False,False
COPPER/NATGAS,1,0.06151422406211833,99,3,94,0.09803783678330541,0.08573646692029172,True,False
COPPER/NATGAS,-1,0.07506828249938881,122,4,116,0.09114346824037972,0.07643113947325643,True,False
COPPER/NATGAS,1,-0.14755342046031245,301,6,293,-0.061097149924207554,-0.09520673896530343,False,False
COPPER/NATGAS,1,-0.004680189641406075,258,7,248,0.11616510548781095,0.08698702329603013,True,False
COPPER/NATGAS,1,0.12116980390832932,68,2,66,0.07704380456125451,0.06781092784892574,True,False
COPPER/NATGAS,1,0.05031363297187285,113,2,111,0.0295776017033704,0.01541321814172656,True,False
COPPER/NATGAS,1,0.10387652246132859,103,2,101,0.09347616314577942,0.08040766999509448,True,False
COPPER/NATGAS,1,0.05913124867882005,154,4,148,0.09273015943883363,0.07451098135664184,True,False
COPPER/NATGAS,-1,-0.008244259757312456,182,3,179,0.02241122396990178,0.0007947856137374004,True,False
COPPER/NATGAS,1,-0.049522997074665856,280,2,278,-0.03966924613014889,-0.07213499955480643,False,False
COPPER/NATGAS,-1,0.0626512570979767,77,4,70,0.055982922747996024,0.046311689871283694,True,False
COPPER/NATGAS,1,0.0654124716285249,79,2,77,0.06354627423513196,0.05310791807074839,True,False
COPPER/NATGAS,-1,0.08509519956443323,43,2,39,0.05248836940809437,0.04621439680535464,True,False
COPPER/NATGAS,-1,-0.010435373938805559,219,2,217,-0.0020725538055406355,-0.027853375723348853,False,False
COPPER/NATGAS,1,-0.22363839950119757,300,2,296,-0.21145146176556837,-0.24588981792995193,False,False
COPPER/NATGAS,-1,0.06327459201607075,147,4,141,0.07061554168596057,0.05316348689144002,True,False
COPPER/NATGAS,1,0.13951983020409275,96,4,89,0.1518978739104595,0.14014444925292524,True,False
COPPER/NATGAS,-1,0.11594444217152407,8,2,6,0.1141758155513649,0.11151828130478955,True,False
COPPER/NATGAS,-1,0.1036470661644349,15,2,13,0.08638922853218046,0.08296457099793389,True,False
BRENT/NATGAS,-1,0.08583329567541284,58,3,53,0.1091072630666727,0.10129904388859051,True,False
BRENT/NATGAS,1,0.09118675511935695,133,4,129,0.12157272034159573,0.10543573404022587,True,False
BRENT/NATGAS,-1,0.16257757501257808,39,2,35,0.15563029155996244,0.14979467512160627,True,False
BRENT/NATGAS,-1,-0.19260903276251393,300,4,294,-0.14640546849135608,-0.18062464657354788,False,False
BRENT/NATGAS,-1,-0.022140279708560865,158,4,151,0.013317842203156871,-0.0052301030023225795,False,False
BRENT/NATGAS,1,0.16148124559809154,105,2,101,0.15237418513045065,0.13930569197976572,True,False
BRENT/NATGAS,1,-0.32634054638943244,300,4,294,-0.2576821935149793,-0.29190137159717106,False,False
BRENT/NATGAS,1,-0.22900702603040662,300,2,298,-0.22280557641648546,-0.2574631106630608,False,False
BRENT/NATGAS,1,0.12695070433336217,56,4,50,0.17786944860972248,0.17038999655492795,True,False
BRENT/NATGAS,1,0.05024659928649386,203,2,199,0.06412054785805407,0.04031232867997188,True,False
BRENT/NATGAS,1,0.06900789045903719,37,2,35,0.07153377519763242,0.06569815875927625,True,False
BRENT/NATGAS,-1,-0.1846430226790479,301,2,299,-0.16997213879139533,-0.20473926207906656,False,False
BRENT/NATGAS,1,-0.0226737353193086,264,5,257,0.13929281574691352,0.10912843218526969,True,False
BRENT/NATGAS,-1,0.07799791542487391,14,2,12,0.05697051592943124,0.053655447436280555,True,False
BRENT/NATGAS,1,-0.10969473131344029,301,2,299,-0.0679578066492376,-0.10272492993690885,False,False
BRENT/NATGAS,1,0.08993294465028794,113,2,111,0.10374454340800081,0.08958015984635698,True,False
BRENT/NATGAS,-1,0.10843617105268262,30,2,28,0.08773104281763175,0.08266254966694682,True,False
BRENT/NATGAS,1,0.1046449939291759,72,2,70,0.09392003838621242,0.08424880550950009,True,False
BRENT/NATGAS,-1,0.08822144212980919,36,2,34,0.08795125142156268,0.0822252240243024,True,False
BRENT/NATGAS,1,0.11451433969209172,22,3,19,0.12031100434378365,0.11622881256296173,True,False
BRENT/NATGAS,-1,0.06081454213802866,80,4,73,0.08360721230206887,0.07360721230206888,True,False
BRENT/NATGAS,1,-0.1775263839604133,300,4,294,-0.14161388572452813,-0.17583306380671992,False,False
BRENT/NATGAS,1,0.06191561910961238,118,4,112,0.08020125314587305,0.06592728054313332,True,False
COFFEE/NATGAS,-1,0.048887799234671944,20,6,12,0.04816157163916711,0.044846503146016424,True,False
COFFEE/NATGAS,1,0.07313095007251638,23,7,14,0.10024909859858047,0.096714852023238,True,False
COFFEE/NATGAS,1,0.06085149627659601,73,5,66,0.07933981177897538,0.07010693506664661,True,False
COFFEE/NATGAS,1,-0.005721548361176665,270,3,265,0.02795176800082956,-0.003089327889581401,False,False
COFFEE/NATGAS,1,0.10475840433683564,31,2,29,0.1009383306816707,0.09576024848988987,True,False
COFFEE/NATGAS,-1,0.09531360562207494,18,2,14,0.08279131133437627,0.0792570647590338,True,False
COFFEE/NATGAS,1,0.1214108974213383,20,2,18,0.12643492749947305,0.12246232475974703,True,False
COFFEE/NATGAS,-1,0.0020842361778362524,193,2,191,0.014600423534653448,-0.008331083314661621,False,False
COFFEE/NATGAS,1,0.12499776146131694,133,2,131,0.1361518939421362,0.11979572955857455,True,False
COFFEE/NATGAS,-1,0.1032683496957086,28,2,26,0.0914844088664563,0.08663509379796315,True,False
COFFEE/NATGAS,1,0.06642218023190964,57,2,55,0.07606745843327141,0.06804006117299743,True,False
COFFEE/NATGAS,-1,0.11131370069452626,41,2,39,0.11503459797366161,0.10876062537092189,True,False
COFFEE/NATGAS,-1,0.10205844720313086,19,2,17,0.10101775868407933,0.0971547449854492,True,False
COFFEE/NATGAS,1,0.1106405525775475,65,2,63,0.10673366435758395,0.09782955476854285,True,False
COFFEE/NATGAS,-1,-0.03373442868738013,252,6,244,0.03708656003473799,0.008346834007340726,True,False
COFFEE/NATGAS,-1,-0.3769884737271326,300,2,296,-0.3424602150821747,-0.3768985712465583,False,False
COFFEE/NATGAS,-1,0.0707172050836472,110,2,108,0.07977638351070405,0.06594076707234789,True,False
COFFEE/NATGAS,1,-0.2652459556335993,300,2,298,-0.24997600621509286,-0.2846335404616682,False,False
COFFEE/NATGAS,1,0.1502171640430185,82,3,77,0.1492471113209836,0.13880875515660002,True,False
COFFEE/NATGAS,-1,-0.10832799348803956,300,3,297,-0.07586430970666881,-0.11041225491214826,False,False
COFFEE/NATGAS,1,0.0694383989367932,68,2,66,0.04532867977485366,0.03609580306252489,True,False
COFFEE/NATGAS,-1,0.07443093453847513,11,2,7,0.04748476610308521,0.044717642815413974,True,False
COFFEE/NATGAS,-1,0.05764485989795049,67,2,65,0.05726907737977936,0.04814578970854648,True,False
COFFEE/NATGAS,-1,0.05905317203209837,17,3,12,0.06699377399464213,0.06367870550149143,True,False
COFFEE/NATGAS,1,0.07603709086671785,83,5,76,0.15651483671320232,0.14618606958991465,True,False
COFFEE/NATGAS,1,0.08043085290011827,96,2,94,0.09348231145912927,0.08118094159611558,True,False
COFFEE/NATGAS,1,-0.14066410413020286,300,2,295,-0.10618856271995189,-0.14051732984323956,False,False
COFFEE/NATGAS,1,0.00882758898315237,200,3,197,0.08648692747077397,0.06289788637488355,True,False
COFFEE/NATGAS,-1,-0.0216105511969409,186,2,184,0.002115869011585025,-0.02004851455005881,False,False
COFFEE/NATGAS,1,0.09378840911095364,176,2,174,0.11598894228896438,0.09492044913827945,True,False
COFFEE/NATGAS,-1,0.08582470788529055,53,4,47,0.10572471592277206,0.09857403099126522,True,False
COFFEE/NATGAS,-1,0.0814230765775807,71,2,69,0.07856551161402839,0.06900386777841194,True,False
COFFEE/NATGAS,1,-0.031057411354954226,287,2,285,-0.01030116552133325,-0.043534042233662015,False,False
COFFEE/NATGAS,-1,0.11028816778512944,71,2,67,0.10875297122210384,0.09941050546867918,True,False
COFFEE/NATGAS,-1,0.00440873270882897,261,2,259,0.03609651929343169,0.005712957649596069,True,False
COFFEE/NATGAS,-1,0.06427269598094604,123,2,119,0.06957156146183449,0.054530465571423534,True,False
COFFEE/NATGAS,-1,0.0751649121750842,69,2,65,0.076576615728532,0.06745332805729912,True,False
SUGAR/NATGAS,-1,0.0731947460271665,14,2,12,0.0625621260327741,0.059247057539623414,True,False
SUGAR/NATGAS,1,-0.14299052718092004,300,2,298,-0.11854433514111724,-0.1532018693876926,False,False
SUGAR/NATGAS,1,-0.1482621630499299,301,2,299,-0.11105438263887901,-0.14582150592655024,False,False
SUGAR/NATGAS,1,0.08269998820931715,86,3,80,0.10250806840474007,0.09174094511706883,True,False
SUGAR/NATGAS,-1,0.08158296728033484,111,3,106,0.10074112244417537,0.08712468408801098,True,False
SUGAR/NATGAS,1,0.0637716414749823,53,2,51,0.07193982252981453,0.06435078143392411,True,False
SUGAR/NATGAS,-1,-0.19262766694265693,259,2,257,-0.21100292379310484,-0.24116730735474867,False,False
SUGAR/NATGAS,-1,0.07996784757034009,71,2,66,0.06275628378209014,0.05352340706976137,True,False
SUGAR/NATGAS,1,0.11214078900217943,78,2,76,0.1036647885473304,0.09333602142404272,True,False
SUGAR/NATGAS,-1,-0.24980179065909577,300,2,296,-0.23851140022359582,-0.27294975638797936,False,False
SUGAR/NATGAS,-1,0.0030807435819627006,231,2,229,0.032522361859548723,0.005426471448589817,True,False
SUGAR/NATGAS,1,0.1292455354340119,119,2,117,0.11294375920837443,0.09812184140015526,True,False
SUGAR/NATGAS,-1,0.06426458391961291,197,10,183,0.11454026511204249,0.09248547059149453,True,False
SUGAR/NATGAS,-1,0.03497265313589033,121,7,109,0.10271076399543662,0.08876555851598456,True,False
SUGAR/NATGAS,1,-0.13478019892515775,300,2,298,-0.10978669517855653,-0.14444422942513188,False,False
SUGAR/NATGAS,1,-0.12680442694764688,300,7,289,-0.05503483801023706,-0.08870607088694939,False,False
SUGAR/NATGAS,-1,0.06941105945458372,35,3,32,0.0348299371459502,0.02932308783088171,True,False
SUGAR/NATGAS,1,0.07127824817209946,27,2,25,0.06054599497851455,0.05580626895111729,True,False
SUGAR/NATGAS,1,0.07503396472843356,133,4,126,0.08726477993870317,0.07145656076062099,True,False
SUGAR/NATGAS,-1,-0.05906947176724307,301,3,298,-0.06228480104266182,-0.09694233528923717,False,False
SUGAR/NATGAS,1,0.08834571692477333,84,6,76,0.1316098854547861,0.12128111833149843,True,False
SUGAR/NATGAS,1,-0.08340136390334668,276,3,273,-0.047139339760017565,-0.07905714797919565,False,False
SUGAR/NATGAS,1,-0.007852751595680841,191,3,188,0.011020087213952312,-0.011582652512075084,False,False
SUGAR/NATGAS,1,0.11305769772989055,99,3,96,0.16372131709902762,0.15120076915382213,True,False
SUGAR/NATGAS,-1,0.03950478711423412,98,2,96,0.05252551972607037,0.04000497178086489,True,False
SUGAR/NATGAS,1,0.07047639922873936,84,2,82,0.07818890200487899,0.06720260063501597,True,False
SUGAR/NATGAS,1,-0.1426600715233407,300,2,298,-0.13580728658920616,-0.17046482083578152,False,False
SUGAR/NATGAS,-1,-0.19139086913349918,300,6,292,-0.1023506312133176,-0.13635063121331759,False,False
SUGAR/NATGAS,1,-0.18524459068944324,300,5,293,-0.13525169764120262,-0.16936128668229852,False,False
SUGAR/NATGAS,1,-0.18361390282667986,300,2,298,-0.15126078202194587,-0.18591831626852123,False,False
SOYBEANS/NATGAS,-1,0.09611578469440529,87,4,81,0.1343503789914824,0.12347366666271527,True,False
SOYBEANS/NATGAS,1,0.16068946113866014,192,2,190,0.17307292366335647,0.1502510058551373,True,False
SOYBEANS/NATGAS,-1,-0.07298574031042179,288,2,286,-0.05468797820391681,-0.08803044395734147,False,False
SOYBEANS/NATGAS,1,0.06687137867680695,238,2,236,0.08783758209743571,0.05997456839880557,True,False
SOYBEANS/NATGAS,1,0.028517594144353238,169,7,160,0.11411792375733192,0.09458367718198946,True,False
SOYBEANS/NATGAS,-1,-0.30425780755459253,300,2,298,-0.2699407621115146,-0.30459829635808994,False,False
SOYBEANS/NATGAS,-1,0.014899289645710825,188,2,186,0.022715182864310835,0.00033162122047521864,True,False
SOYBEANS/NATGAS,-1,0.1265420758208421,20,2,16,0.049264144876844405,0.04551072021931016,True,False
SOYBEANS/NATGAS,-1,-0.07588527318769475,257,2,253,-0.046254396346773176,-0.07598042374403345,False,False
SOYBEANS/NATGAS,-1,-0.136595671102074,301,2,299,-0.10838416192002708,-0.14315128520769832,False,False
SOYBEANS/NATGAS,1,0.07734028029164322,27,2,23,0.08402597478110654,0.07950542683590106,True,False
SOYBEANS/NATGAS,-1,-0.12785826994234029,266,3,263,-0.09343632658038628,-0.12425824438860546,False,False
SOYBEANS/NATGAS,1,0.14663367496820617,91,2,87,0.128935715988187,0.11740146941284454,True,False
SOYBEANS/NATGAS,1,-0.13820142417267248,300,3,295,-0.10844368244821838,-0.14277244957150606,False,False
SOYBEANS/NATGAS,1,0.05523711004111317,132,4,125,0.05719984413456566,0.041501213997579355,True,False
SOYBEANS/NATGAS,-1,0.0627905275213211,14,5,7,0.07552177759279524,0.07275465430512401,True,False
SOYBEANS/NATGAS,-1,0.026389160556715304,154,2,150,0.04146343725795684,0.023025081093573277,True,False
SOYBEANS/NATGAS,1,0.06383778210288102,191,2,189,0.07696239963196834,0.054250070864845054,True,False
SOYBEANS/NATGAS,1,0.07598655579338888,20,2,15,0.05748388554835047,0.05384004993191211,True,False
SOYBEANS/NATGAS,-1,0.04546958929889699,93,4,86,0.06794779357787338,0.056523136043626805,True,False
SOYBEANS/NATGAS,1,-0.14396973729841606,300,3,295,-0.08051874316706155,-0.11484751029034923,False,False
SOYBEANS/NATGAS,-1,0.08839439869787794,42,2,38,0.07830138952788863,0.0721370059662448,True,False
SOYBEANS/NATGAS,-1,0.05055124176413281,84,2,81,0.053744004211395566,0.042867291882628444,True,False
SOYBEANS/NATGAS,-1,0.12937568942954616,28,2,26,0.11957993950854087,0.11473062444004772,True,False
SOYBEANS/NATGAS,-1,0.09556462856559061,12,4,6,0.07257776814427974,0.0699202338977044,True,False
SOYBEANS/NATGAS,-1,-0.14711341146629,266,2,264,-0.11974603749080608,-0.15067754434012115,False,False
SOYBEANS/NATGAS,1,0.08889678890166071,163,3,158,0.11342931365639654,0.09411424516324585,True,False
SOYBEANS/NATGAS,1,-0.1463360197531054,300,2,296,-0.11227033545330173,-0.1467086916176853,False,False
SOYBEANS/NATGAS,1,-0.18382535899232524,300,5,293,-0.1307695256560422,-0.1648791146971381,False,False
SOYBEANS/NATGAS,1,0.07974995559574513,11,2,9,0.049138653640969976,0.046152352271106964,True,False
SOYBEANS/NATGAS,1,0.07626401418867858,27,5,20,0.17354809843394578,0.16935631761202796,True,False
COFFEE/SILVER,1,-0.14024334883490636,300,3,297,-0.07928267458704613,-0.1138306197925256,False,False
COFFEE/SILVER,-1,0.06613660011576807,87,3,84,0.08162230963396319,0.07041683018190839,True,False
COFFEE/SILVER,1,-0.11090450662345301,300,4,294,-0.1066134615625414,-0.1408326396447332,False,False
COFFEE/SILVER,-1,0.01517571222378437,214,3,209,0.03422520564230851,0.009321096053267409,True,False
COFFEE/SILVER,1,-0.2711043124701065,301,6,293,-0.20340064304926547,-0.23751023209036137,False,False
COFFEE/SILVER,1,0.0763383554443587,31,3,28,0.07828673661043385,0.07321824345974892,True,False
COFFEE/SILVER,-1,0.046509805041964884,69,5,62,0.043979514139141744,0.035184993591196534,True,False
COFFEE/SILVER,1,0.08953064134334987,110,2,106,0.0814574534489231,0.06784101509275872,True,False
COFFEE/SILVER,-1,0.09370507890370944,122,5,115,0.1477415743325245,0.1331388346064971,True,False
COFFEE/SILVER,1,0.05212458904649328,20,2,16,0.04492065554747386,0.041167230889939614,True,False
COFFEE/SILVER,1,0.04243180957171917,63,2,59,0.05070560663686836,0.04223985321221082,True,False
COFFEE/SILVER,-1,0.03258362473135486,110,2,108,0.03275995747100148,0.018924341032645314,True,False
COFFEE/SILVER,1,-0.1281289344847499,300,2,295,-0.10759607565933266,-0.14192484278262033,False,False
COFFEE/SILVER,1,-0.22391026059352026,300,2,295,-0.19183096359552304,-0.2261597307188107,False,False
COFFEE/SILVER,-1,0.11565761672633416,50,2,46,0.09503159926756623,0.08799050337715526,True,False
COFFEE/SILVER,-1,-0.3592137072291666,301,3,298,-0.3407457380465235,-0.3754032722930989,False,False
COFFEE/SILVER,1,0.04765389568736267,37,2,35,0.05230784326312117,0.046472226824765005,True,False
COFFEE/SILVER,1,0.021503689286123274,174,2,172,0.03699274130008149,0.016143426231588338,True,False
COFFEE/SILVER,1,0.07685999186861286,15,4,11,0.09932866288241689,0.0961231834303621,True,False
COFFEE/SILVER,1,0.05973799480433441,83,2,79,0.03646689618480868,0.025809361938233334,True,False
COFFEE/SILVER,-1,0.05808197249066921,57,2,55,0.06690817517720947,0.058880777916935495,True,False
COFFEE/SILVER,1,0.08302407054533628,98,2,96,0.09357446338286432,0.08105391543765884,True,False
COFFEE/SILVER,1,0.07893506259079583,114,2,112,0.07613145524494985,0.061857482642210124,True,False
COFFEE/SILVER,-1,0.16303407486739255,57,3,52,0.1560769728148055,0.1483783426778192,True,False
COFFEE/SILVER,1,0.08427052550818115,256,2,254,0.06814055064206546,0.0383049342037093,True,False
COFFEE/SILVER,-1,-0.2292574869402071,300,3,295,-0.18781682047419077,-0.22214558759747843,False,False
COFFEE/SILVER,-1,0.06495934588101679,108,2,106,0.07251480355520747,0.05889836519904308,True,False
COFFEE/SILVER,1,-0.12822735438038776,301,2,299,-0.09978799978454156,-0.1345551230722128,False,False
COFFEE/SILVER,1,0.08367904364848015,67,3,62,0.09970816293792951,0.09091364238998431,True,False
COFFEE/SILVER,1,0.10240070093027498,22,2,20,0.09546254564495789,0.09127076482304008,True,False
COFFEE/SILVER,-1,0.02624717464326166,188,2,183,0.007917083403795731,-0.014137711116752215,False,False
BRENT/WHEAT,1,0.21237814721910384,187,2,182,0.20288086416085818,0.18093565868140613,True,False
BRENT/WHEAT,-1,0.07802098558843594,50,4,43,0.07844231467503433,0.07172998590791105,True,False
BRENT/WHEAT,1,0.026295714612396694,222,2,218,0.04930434559503325,0.02341393463612914,True,False
BRENT/WHEAT,-1,0.03928703152750153,216,2,211,0.04444385005459457,0.019320562383361693,True,False
BRENT/WHEAT,-1,0.056555980967157776,82,2,78,0.0388119363624106,0.028263991156931144,True,False
BRENT/WHEAT,1,-0.025570196589256182,259,2,255,-0.00784822986649895,-0.037793435345951004,False,False
BRENT/WHEAT,-1,0.06763893842085303,75,4,69,0.09436561067517159,0.08480396683955514,True,False
BRENT/WHEAT,-1,0.06728245096852263,83,6,74,0.0967195319525109,0.08660994291141501,True,False
BRENT/WHEAT,-1,0.07455743122368613,109,2,107,0.08973792416275599,0.0760118967654957,True,False
BRENT/WHEAT,1,-0.3750107557998039,300,2,296,-0.3501705226470527,-0.38460887881143624,False,False
BRENT/WHEAT,1,0.15635489491438606,90,2,88,0.1496269043417576,0.13798306872531924,True,False
BRENT/WHEAT,-1,-0.01530876952506991,259,4,252,0.021018145724315304,-0.00859829263184908,False,False
BRENT/WHEAT,1,0.07237035906145227,71,2,67,0.055947041650761004,0.046604575897336346,True,False
BRENT/WHEAT,-1,0.09616963424698433,94,2,92,0.09334745382368599,0.08126526204286408,True,False
BRENT/WHEAT,1,0.05273282883906564,113,2,111,0.05270544212412685,0.038541058562483015,True,False
BRENT/WHEAT,1,-0.18726830311689047,301,2,299,-0.15283424960357325,-0.18760137289124448,False,False
BRENT/WHEAT,1,0.060206896831694626,44,2,42,0.04266320273131881,0.03606046300529141,True,False
BRENT/WHEAT,1,0.10103408562400876,92,2,88,0.09969895844129527,0.0880551228248569,True,False
BRENT/WHEAT,1,0.06969144015366724,11,2,7,0.06342150190294923,0.060654378615278,True,False
BRENT/WHEAT,-1,0.015384781512208184,123,2,119,0.012018973752784,-0.003022122137626959,False,False
BRENT/WHEAT,1,0.07890527085353859,115,2,113,0.07344919063659901,0.05906562899276339,True,False
BRENT/WHEAT,1,0.08978041570049829,70,2,68,0.09125685166084321,0.08180479686632267,True,False
BRENT/WHEAT,1,0.04835174935474282,70,2,68,0.049363015267494266,0.03991096047297372,True,False
WHEAT/SOYBEANS,-1,0.054516620675608515,129,2,127,0.0697807975651855,0.05386298934600742,True,False
WHEAT/SOYBEANS,1,0.1058935868780788,113,2,109,0.10466934968677377,0.09072414420732172,True,False
WHEAT/SOYBEANS,1,-0.044115905262202784,300,2,298,-0.04130200407288173,-0.07595953831945708,False,False
WHEAT/SOYBEANS,-1,0.05437287964153661,37,7,28,0.08313584657510542,0.07806735342442049,True,False
WHEAT/SOYBEANS,-1,-0.15984180355368333,300,2,295,-0.1453590678906589,-0.17968783501394656,False,False
WHEAT/SOYBEANS,1,0.15649398028485403,116,2,114,0.1445908282408726,0.1300976775559411,True,False
WHEAT/SOYBEANS,1,0.09589644129466668,61,2,57,0.10092187913258134,0.09267530379011558,True,False
WHEAT/SOYBEANS,1,-0.07819775577597596,301,3,298,-0.04075279398152132,-0.07541032822809667,False,False
WHEAT/SOYBEANS,1,0.011223012219236338,171,2,169,0.031810101824085335,0.011289553878879852,True,False
WHEAT/SOYBEANS,-1,0.02585680509388765,95,2,91,0.03359370853449405,0.021621105794768024,True,False
WHEAT/SOYBEANS,-1,0.04654011194284303,40,2,38,0.031029209417735137,0.024864825856091302,True,False
WHEAT/SOYBEANS,1,-0.010229616696942868,208,2,204,-0.000863847175010639,-0.025220011558572286,False,False
WHEAT/SOYBEANS,1,0.07038206660986025,106,2,104,0.07485635152194554,0.06145909124797294,True,False
WHEAT/SOYBEANS,1,0.10233160822187187,61,4,55,0.1112075970604419,0.10318019980016793,True,False
WHEAT/SOYBEANS,1,0.1067871798483074,65,2,63,0.11053910647116698,0.10163499688212588,True,False
WHEAT/SOYBEANS,-1,0.08856538497066511,85,2,83,0.1006793848235433,0.0895834944125844,True,False
WHEAT/SOYBEANS,-1,0.06105810762632057,22,2,18,0.0376694204213652,0.03369681768163917,True,False
WHEAT/SOYBEANS,1,-0.17048543969792365,301,3,298,-0.1339222093620391,-0.16857974360861444,False,False
WHEAT/SOYBEANS,-1,0.04255737112032959,104,2,99,0.05260612890518706,0.03975681383669391,True,False
WHEAT/SOYBEANS,-1,-0.051387793866451134,258,5,251,0.00106047967290791,-0.028446369642160584,False,False
WHEAT/SOYBEANS,-1,0.022034684071950552,195,2,191,0.03388126417136754,0.010949757322052469,True,False
WHEAT/SOYBEANS,1,-0.2550012794746459,300,2,296,-0.23497096320945823,-0.2694093193738418,False,False
WHEAT/SOYBEANS,-1,0.14233374905601867,82,2,80,0.14767986497566016,0.13691274168798892,True,False
WHEAT/SOYBEANS,-1,0.08264803252517049,116,3,111,0.08751624756886847,0.07335186400722463,True,False
WHEAT/SOYBEANS,1,0.09198246790972026,25,2,20,0.07433186397172552,0.07014008314980771,True,False
WHEAT/SOYBEANS,1,0.072488231257329,19,2,17,0.05725123331328357,0.05338821961465343,True,False
WHEAT/SOYBEANS,-1,-0.2404262151291587,300,5,292,-0.20364833447322186,-0.23764833447322187,False,False
WHEAT/SOYBEANS,-1,0.08581362720678337,86,2,84,0.0834582913682922,0.0722528119162374,True,False
WHEAT/SOYBEANS,1,-0.016363081668719373,244,2,240,-0.000505438081897669,-0.028806807944911368,False,False
PLATINUM/SOYBEANS,-1,0.06649162949516413,58,5,51,0.10099753801490317,0.09340849691901276,True,False
PLATINUM/SOYBEANS,1,0.06747474554665912,267,2,265,0.09298422421873442,0.061943128328323466,True,False
PLATINUM/SOYBEANS,-1,-0.3303034669426348,300,2,298,-0.3120388654443528,-0.34669639969092814,False,False
PLATINUM/SOYBEANS,1,0.011920212940009736,301,2,299,0.04865792617610046,0.01389080288842922,True,False
PLATINUM/SOYBEANS,1,-0.04665957086322178,280,3,277,0.0008799301060279607,-0.03147623427753368,False,False
PLATINUM/SOYBEANS,1,0.08443729183341074,42,2,40,0.07755637413730834,0.07117281249347272,True,False
PLATINUM/SOYBEANS,1,0.04735295735601655,46,3,41,0.06224132958554114,0.05574817890060963,True,False
PLATINUM/SOYBEANS,1,-0.1551931070497976,300,2,298,-0.13609910866916844,-0.17075664291574377,False,False
PLATINUM/SOYBEANS,1,0.16031363254236441,29,2,27,0.15864568841826351,0.15368678430867447,True,False
PLATINUM/SOYBEANS,-1,0.08438603738698361,106,4,100,0.10498234264140632,0.09202343853181728,True,False
PLATINUM/SOYBEANS,1,-0.04398933238822322,259,2,257,-0.030270098706690812,-0.06043448226833465,False,False
PLATINUM/SOYBEANS,1,0.14300740707452006,54,3,49,0.16206757053213808,0.15469770751843945,True,False
PLATINUM/SOYBEANS,1,0.10282944287868745,94,2,90,0.10281783655457784,0.09095482285594769,True,False
PLATINUM/SOYBEANS,1,0.11242380277145454,23,2,21,0.06580591682504748,0.06150454696203378,True,False
PLATINUM/SOYBEANS,1,0.0784114840693951,22,3,17,0.07150987347086706,0.06764685977223692,True,False
PLATINUM/SOYBEANS,1,0.062192429215309424,105,3,100,0.0694391131194514,0.056480209009862364,True,False
PLATINUM/SOYBEANS,1,0.07285629166491371,81,3,76,0.06784280365323872,0.057514036529951046,True,False
PLATINUM/SOYBEANS,-1,0.089607681059586,32,3,27,0.08899777780775762,0.08403887369816858,True,False
PLATINUM/SOYBEANS,-1,0.0856610451436572,34,6,25,0.13871630990162537,0.13397658387422812,True,False
PLATINUM/SOYBEANS,-1,0.08707645738958922,29,2,25,0.08523561844363411,0.08049589241623685,True,False
PLATINUM/SOYBEANS,1,0.10240203770790388,63,6,55,0.15952673770561798,0.15149934044534402,True,False
PLATINUM/SOYBEANS,1,-0.3095234893347931,300,2,296,-0.2966193756083032,-0.33105773177268677,False,False
PLATINUM/SOYBEANS,1,-0.041891144393823555,245,5,238,-0.0028596723533649104,-0.030941864134186828,False,False
PLATINUM/SOYBEANS,-1,0.06314751031034625,60,2,56,0.0695775531857065,0.06144056688433664,True,False
PLATINUM/SOYBEANS,-1,-0.3066617480131423,300,2,298,-0.2863004895300801,-0.32095802377665544,False,False
PLATINUM/SOYBEANS,-1,0.09575797253510317,161,2,159,0.07051747472338536,0.05109281718913879,True,False
PLATINUM/SOYBEANS,-1,-0.24106329683007632,301,4,297,-0.22177881620847847,-0.25632676141395794,False,False
NATGAS/GOLD,1,-0.07595275392685595,301,3,298,-0.021387019003164878,-0.056044553249740225,False,False
NATGAS/GOLD,-1,0.1049765671238546,86,2,84,0.12210864580134155,0.11090316634928675,True,False
NATGAS/GOLD,1,0.010368640241391513,243,2,238,0.03593616959541555,0.007853977814593627,True,False
NATGAS/GOLD,1,0.09910979458470763,27,2,22,0.08028181297561617,0.07587085407150658,True,False
NATGAS/GOLD,-1,0.024322564436566156,130,2,126,0.03153968763377262,0.01573146845569043,True,False
NATGAS/GOLD,1,-0.27382923136367,300,6,292,-0.17735090506400436,-0.21135090506400436,False,False
NATGAS/GOLD,1,-0.09634345368069185,292,3,287,-0.05591874916652408,-0.08937080396104463,False,False
NATGAS/GOLD,1,0.14012857417978983,23,2,21,0.12131678976959406,0.11701541990658036,True,False
NATGAS/GOLD,1,-0.19739651741228403,300,3,295,-0.16163446537443008,-0.19596323249771774,False,False
NATGAS/GOLD,1,-0.14716035469745004,300,3,295,-0.10537590806629753,-0.1397046751895852,False,False
NATGAS/GOLD,1,-0.21376020804938284,300,9,287,-0.11250630366350485,-0.1459583584580254,False,False
NATGAS/GOLD,-1,-0.397170457342499,301,4,295,-0.36157855721589616,-0.39590732433918385,False,False
NATGAS/GOLD,-1,0.0406167363629024,195,2,191,0.05288209406945631,0.029950587220141243,True,False
NATGAS/GOLD,-1,0.0911104939650909,29,2,27,0.09374029456872708,0.08878139045913803,True,False
NATGAS/GOLD,1,0.026610966577353273,188,2,186,0.041027645495926246,0.018644083852090626,True,False
NATGAS/GOLD,1,0.13655591684543464,9,2,7,0.05674261409294295,0.05397549080527171,True,False
NATGAS/GOLD,1,-0.012536835663062703,225,7,213,0.07498812063701261,0.04964565488358795,True,False
NATGAS/GOLD,-1,0.06588308407016566,184,6,176,0.12152802207524221,0.1002403508423655,True,False
NATGAS/GOLD,1,0.036954509937274685,101,2,99,0.03991944835662489,0.02707013328813174,True,False
NATGAS/GOLD,-1,-0.009412855328123615,181,5,174,0.02874916586308377,0.007680672712398837,True,False
NATGAS/GOLD,1,-0.3234871816124816,300,2,296,-0.28921667107191534,-0.3236550272362989,False,False
NATGAS/GOLD,-1,-0.08810474678935132,300,2,298,-0.06662083483219929,-0.10127836907877463,False,False
NATGAS/GOLD,-1,0.13005887082958284,39,2,35,0.09743860837699173,0.09160299193863555,True,False
NATGAS/GOLD,-1,-0.012433616121102758,231,3,228,0.011401072038194083,-0.015585229331668931,False,False
NATGAS/GOLD,1,0.09721907019209416,196,2,192,0.10207062888614744,0.07902953299573648,True,False
NATGAS/GOLD,1,-0.1625793034469343,300,2,296,-0.1421951376008915,-0.17663349376527507,False,False
NATGAS/GOLD,1,-0.31769858012183316,300,8,287,-0.22744932185841138,-0.26090137665293195,False,False
